Level 2	alternative_names_clean
Adobe Certified Associate (ACA)	Adobe Certified Associate, ACA certification, Adobe ACA, Certified Adobe Associate, Adobe ACE (Associate), ACA certified professional, Adobe Creative Cloud certification, ACA Exam certified, Adobe Expert Certification (ACA), ACA Design Specialist, ACA
Adobe Certified Expert (ACE) InDesign	ACE InDesign Certification, Adobe InDesign Certified Expert, ACE InDesign Specialist, Adobe Certified InDesign Professional, ACE InDesign Exam, Adobe InDesign Expert Certification, ACE InDesign Credential, Adobe Certified Specialist in InDesign, ACE for InDesign Software, Adobe InDesig, n Proficiency Certificate, ACE
Adobe Certified Expert (ACE) Illustrator	ACE Illustrator Certification, Adobe Certified Illustrator Expert, ACE in Illustrator, Adobe Illustrator Certified Expert, Adobe Illustrator ACE Certification, Certified Expert in Adobe Illustrator, ACE for Adobe Illustrator Exam, Adobe Certified Professional (ACP) - Illustrator, Accredited Adobe Illustrator Specialist, ACE-Illustrator, ACE
Adobe Certified Expert (ACE) Acrobat	ACE Acrobat Professional, Adobe Certified Acrobat Specialist, ACE PDF Expert, Adobe Acrobat Pro Certified, ACE Adobe Acrobat Professional, Certified Expert in Adobe Acrobat, ACE Acrobat Master, Adobe Certified PDF Specialist, ACE Document Management Expert (Acrobat), Adobe Acrobat Certification, ACE
Adobe Certified Expert (ACE) Design Master	ACE Design Master, Adobe ACE Design Expert, Certified Adobe Design Master, Adobe Creative Cloud Design Certification, ACE Design Specialist, Adobe Certified Graphic Designer, ACE Master in Visual Communication, Adobe Design Professional Certification, ACE in Digital Design Mastery, Adobe Creative Suite Expert, ACE
Adobe Certified Expert (ACE) Design Specialist	Adobe Design Expert, ACE Design Specialist, Adobe Certified Design Professional, Adobe Design Specialist Certification, ACE in Design Specialization, Certified Adobe Design Expert, Adobe Certified Specialist in Design, ACE Graphic Designer Certification, Adobe Creative Cloud Design Specialist, Accredited Adobe Design Expert, ACE
Adobe Certified Instructor (ACI) InDesign	InDesign ACI, Adobe InDesign Certified Instructor, ACI InDesign Expert, Adobe Certified InDesign Trainer, Certified Instructor for Adobe InDesign (ACI), InDesign ACE (Adobe Certified Expert), Adobe InDesign Training Certification, ACI (Adobe Certified Instructor) for Desktop Publishing, ACE in InDesign Instruction, Adobe Design Specialist with ACI in InDesign, ACI
Adobe Certified Instructor (ACI) Illustrator	ACI Illustrator Certified, Adobe Illustrator ACI, Adobe Certified Instructor for Illustrator, ACI (Illustrator), Certified Instructor in Adobe Illustrator, Adobe ACI for Illustrator, Illustrator Certification by ACI, ACI-Illustrator Certified Professional, ACI-certified Illustrator Expert, Adobe AI Instructor Certification, ACI
Adobe Certified Instructor (ACI) Acrobat	ACI Acrobat Pro, Adobe Certified Acrobat Instructor, ACI in Adobe Acrobat, Adobe Acrobat Training Certification, Certified Instructor for Adobe Acrobat, ACI - Adobe Acrobat Specialist, Adobe Certified Acrobat Professional Instructor (ACAPI), ACI - PDF Expert Certification, Adobe Acrobat Trainer Certification, Certified Expert in Adobe Acrobat (CEAA), ACI
Adobe Certified Instructor (ACI) Digital Publishing Suite	ACI Digital Publishing Suite Instructor, Adobe Certified Digital Publishing Suite Instructor, ACI DPS Specialist, Adobe DPS Certified Trainer, ACI Digital Publishing Suite Expert, Adobe Certified Instructor for DPS, ACI DPS Training Professional, Adobe Digital Publishing Suite Certified Educator, ACI DPS Training Specialist, Adobe Certified DPS Instructor, ACI
AWS Certified Solutions Architect - Associate	AWS Solutions Architect - Associate, AWS Certified Architect - Associate, AWS Architect Certification, Amazon Web Services Solutions Architect - Associate, Certified AWS Solutions Architect, AWS Solution Architecture Certification, Amazon Cloud Architect - Associate Level, AWS Certified Cloud Architect - Associate, Associate-level AWS Solutions Architect Certification, AWS Solution Design Professional, AWS
AWS DevOps Engineer	AWS Certified DevOps Engineer, Amazon Web Services DevOps Certification, AWS Certified DevOps Professional,  Certified AWS DevOps Specialist, AWS Cloud DevOps Engineer Certification, Amazon Web Services Certified DevOps Practitioner, AWS Certified Cloud Practitioner (DevOps), AWS
AWS SysOps Administrator	AWS SysOps Specialist, Amazon SysOps Administrator, AWS Systems Operations Engineer, Certified AWS SysOps Professional, AWS SysOps Architect, Amazon Web Services SysOps Expert, AWS Cloud Operations Engineer, AWS Systems Administrator, AWS OpsWorks Administrator, Certified Cloud Operations Specialist, AWS
AWS Developer	AWS Certified Developer, Amazon Web Services Developer, AWS Dev Associate, AWS Cloud Developer, Certified AWS Application Developer, AWS Software Engineer, AWS Programming Expert, AWS Application Development Specialist, Amazon Developer Certification, AWS Development Engineer, AWS
AWS Cloud Practitioner	AWS Cloud Fundamentals, Amazon Cloud Practitioner, AWS Cloud Essentials, Certified Cloud Practitioner, AWS Cloud Foundation, Amazon Web Services Cloud Associate, AWS Cloud Basics, AWS Cloud Introduction, AWS Cloud Entry Level Certification, AWS
Apple Certified Support Professional (ACSP) – macOS	Apple Certified Support Professional for macOS, ACSP - macOS Support, Apple Certified macOS Support Specialist, ACSP (macOS), Apple Mac Support Professional, macOS Certified Support Professional, Mac Certified Support Professional (ACSP), Apple Certified Support Specialist - macOS, ACSP for Mac OS X, Apple macOS Technical Support Certification, ACSP
Apple Certified Support Essentials 10.14 – macOS	Apple Certified Support Specialist, macOS Support Essentials Certification, Apple Certified Mac Technician (ACMT), Mac Support Expert, Apple Certified Technical Coordinator (ACTC), macOS Troubleshooting Certification, Apple Helpdesk Professional Certification, Certified Mac Support Engineer, Apple Certified Associate - Mac Integration 10.14, macOS Deployment Specialist
Apple Certified Pro (for Final Cut Pro X and Logic Pro X)	Apple Pro Certification, Apple Certified Pro for Final Cut Pro and Logic Pro, Certified Apple Pro for Final Cut Pro X and Logic Pro X, Apple FCPX and LPX Certified Professional, Apple Video Editing and Audio Production Certification, Apple Final Cut and Logic Pro Certified Specialist, ACFCPXLPX (Abbreviation), Apple Creative Software Professional Certification, Apple Media Production Expert Certification, Certified Specialist in Final Cut Pro X and Logic Pro X, for Final Cut Pro X and Logic Pro X
AppleCare Service Certifications – ACMT & ACiT	Apple Service Certifications, Apple Certified Mac Technician (ACMT), Apple Certified iOS Technician (ACiT), ACMT & ACiT Certifications, AppleCare Technical Certifications, Apple Product Service Training and Certification, Apple Service Specialist Certifications, ACMT & ACiT Training and Certification, Apple Repair Technician Certifications, Authorized Apple Service Provider Certifications
Cisco Certified Technicians (CCT)	Cisco Certified Technicians, CCT Certification, Cisco Technician Certification, Cisco CCT, Certified Cisco Technician, Cisco Technical Certification, CCT Credential, Cisco Tech Certified, CCNA Technician Certification, Cisco Networking Technician, CCT
Cisco Certified Entry Networking Technician (CCENT)	CCENT Certification, Cisco Entry-Level Certification, CCENT Networking Technician, Cisco Certified Entry-Level Network Technician, CCENT Certified Professional, Cisco Networking Technician Certification, CCENT Network Specialist, Cisco Entry-Level Networking Engineer, CCENT Certified Associate, Cisco Network Technician, CCENT
Cisco Certified Network Associate (CCNA)	CCNA Certification, Cisco CCNA, CCNA Certified, Cisco Network Associate, CCNA Professional, Cisco Networking Certification, CCNA Exam, Cisco Network Associate Certification, CCNA Credential, Cisco Certified Network Associate, CCNA
Cisco Certified Network Professional (CCNP)	CCNP, Cisco CCNP, Certified Network Professional, Cisco Certified Network Professional, Cisco Networking Professional, CCNP Certification, Cisco CCNP Certified, Network Professional Certification, CCNP Designation, Cisco Networking Pro, CCNP
Cisco Certified Architect (CCAr)	CCAr Certification, Cisco Certified Architect, Cisco Architecture Expert, Cisco Architecture Professional, CCAr Program, Cisco Certified Architect Credential, CCAr Accreditation, Cisco Architecture Certification, CCAr Designation, Cisco Enterprise Architect, CCAr
Citrix Certified Expert – Virtualization (CCE-V)	Citrix Virtualization Expert, CCE-V Certification, Citrix Certified Virtualization Specialist, Virtualization (CCE-V) Certified Professional, Citrix VDI Expert, Citrix Certified Virtualization Engineer, CCE-V Accreditation, Citrix Virtualization Architect, Advanced Citrix Virtualization Certification, CCE-V Credential, CCE-V
Citrix Certified Professional – Virtualization (CCP-V)	Citrix Virtualization Expert, Certified Citrix Virtualization Professional, CCP-V Certified Specialist, Citrix VDI Certified Professional, Citrix XenDesktop and XenApp Certified Expert, Citrix Virtual Apps and Desktops Administrator, Citrix Certified Virtualization Engineer, CCP-V Certification Holder, Citrix Virtualization Solutions Architect, Certified Professional in Citrix Virtualized Environments, CCP-V
Citrix Certified Associate – Virtualization (CCA-V)	CCA-V, Citrix Virtualization Associate, Citrix Certified Virtualization Professional, Citrix Virtualization Specialist, Certified Citrix Virtualization Administrator, CCA-V Certification, Citrix VDI Certification, Citrix XenApp/XenDesktop Certification, Citrix Desktop Virtualization Associate, Certified Virtualization Engineer, CCA-V
Citrix Certified Professional – Networking (CCP-N)	Citrix Networking Expert, Citrix Certified Network Professional, CCP-N Certified, Citrix Networking Specialist, Networking Professional (CCP-N), Citrix Network Engineer Certification, Certified Citrix Networking Associate, CCP-N Accredited Professional, Citrix Networking Architect Certification, CCNP (Citrix Certified Networking Professional), CCP-N
Citrix Certified Associate – Networking (CCA-N)	Citrix CCA-N, Citrix Networking Associate, Certified Networking Professional by Citrix, Citrix Certified Network Associate, CCA-N Certification, Citrix Network Specialist, Citrix Networking Expert, Citrix Certified Networking Engineer (CCNE), CCNA - Citrix Certified Associate in Networking, Citrix Network Administration Certification, CCA-N
Citrix NetScaler SD-WAN Certified (CC-SDWAN)	Citrix SD-WAN Certified, CC-SDWAN Certification, Citrix NetScaler SDWAN Certification, CC-SDWAN Certified Professional, Citrix SD-WAN Specialist, NetScaler SD-WAN Certification, Citrix Certified SDWAN Engineer, CC-SDWAN Exam, Citrix SD-WAN Accreditation, NetScaler SD-WAN Certified Expert, CC-SDWAN
Citrix Certified Professional – Mobility (CCP-M)	Citrix Mobility Certified Professional, CCP-M Certification, Citrix Mobility Expert, Certified Citrix Mobility Specialist, Citrix CCP-M Professional, Citrix Certified Mobility Engineer, CCP-M Credential, Citrix Mobility Practitioner, Certified CCP-M Consultant, Citrix XenMobile Certified Professional, CCP-M
Check Point Certified Security Administrator (CCSA) R80	CCSA R80, Check Point Security Administrator (CCSA) Certification, Check Point Certified Administrator R80, CCSA-Check Point Certified Security Administrator R80, Checkpoint CCSA R80 certification, Certified Security Administrator (CCSA) - R80, CCSA-R80 Certification by Check Point Software Technologies, Checkpoint Security Administrator (CCSA) Certification - R80 version, CCSA-R80 certified professional, Check Point R80 Certified Security Administrator, CCSA
Check Point Certified Expert (CCSE) R80	CCSE R80 Certified, Check Point Security Expert R80, Check Point Certified Security Engineer (R80), CCSE Certification (R80), Check Point Expert (CCSE) in R80, Certified Expert in Check Point Security Engineering (R80), CCSE R80 Accreditation, Check Point R80 Security Engineering Expert, Check Point Certified Expert - Security Engineering (R80), CCSE R80 Professional, CCSE
Check Point Certified Security Master (CCSM) R80	Check Point CCSM R80, Check Point Certified Security Master R80, CCSM R80 Certification, Check Point Security Master (CCSM) R80, Certified Security Master (CCSM) R80 by Check Point, Checkpoint CCSM R80 Certification, Check Point CCSM R-80, CCSM (R80) by Check Point Certified Security Master, Checkpoint Certified Security Master (CCSM) for Release 80, CCSM
A+	A Plus, CompTIA A Plus, A Plus Certified, Comp TIA A Plus, PC Technician Certification
Project+	Project Management+, CompTIA Project Plus, Project Management Professional+, PMP+, Project Manager Certification, CAPM Certified, PRINCE2 Practitioner, Agile Project Manager
Server+	Server Plus, Certified Server Administrator, Server Technician Certification, CompTIA Server Professional, CompTIA Certified Server Specialist, Server Support Certification, Advanced Server Administration Credential, Server Infrastructure Expertise, CompTIA Certified Server Engineer
Certified Technical Trainer (CTT+)	Certified Trainer, CTT Certified, Technical Trainer Certification, CTT Plus, Certified IT Trainer, Training and Development Professional (CTT+), Certified Instructor, Accredited Trainer, Certified Training Specialist (CTS+), Qualified Technical Educator, CTT+
Linux+	CompTIA Linux Plus, LXP certification, Linux Professional+, CompTIA LX0-103/LX0-104, Linux Plus certified, LX0-103/LX0-104 certification
Cloud+	Cloud Plus, Cloud Computing+, Cloud Professional+, Certified Cloud Administrator, Cloud Infrastructure Specialist, CompTIA CLO-002, Cloud Technology Expert, Advanced Cloud Certification, CompTIA CC+
CloudEssentials+	CompTIA Cloud+, Cloud Essentials Plus, Cloud Essentials+ Specialist, CompTIA CE+, CompTIA CE Plus, CE+ Certified
PenTest+	Penetration Testing+, PT+, Certified Penetration Tester, Penetration Testing Professional, Cybersecurity PenTest Certification, CompTIA PT+, Offensive Security Certification, Ethical Hacking and Penetration Testing Certification, Network Security Assessment Certification
CASP+	CompTIA Advanced Security Practitioner, CASP Plus, CASP Professional, Certified Advanced Security Practitioner, CASP Certification, CompTIA Advanced Security+, CASP Accreditation, CASP Exam, CompTIA CASP
Network+	Network Plus, Network Professional, Certified Network Technician, Networking+, Network Administrator Certification, Network Expert, CompTIA N+, Networking Specialist
ITF+	IT Fundamentals+, IT Fundamentals Plus, ITF Plus Certification, Entry Level IT Certification, Basic IT Skills Certification, Foundations of IT Certification, CompTIA Foundation Certification, Introduction to IT Certification, Beginner's IT Certification
CySA+	Cybersecurity Analyst+, CySA Plus, Cybersecurity Analyst Plus, CompTIA Cybersecurity Analyst+, CSA+, Cybersecurity Specialist Certification, Certified Security Analyst, CompTIA Security Analytics Professional, CSAP
Data+	Data Analyst+, Data Analytics Certified, Data Professional Plus, Certified in Data Analysis, Advanced Data Analyst Certification, Data Mastery+, Accredited in Data Analytics, Certified Data Practitioner
DataSys+	Data Systems Plus, DataSys Plus Certification, Certified DataSys Specialist, Data Systems Analyst+, Data Management Systems+, Data Administration and System Integration+, Certified Data Architecture Professional
EMCISA	EMC Information Storage and Management, EMC Information Storage Associate, EMC ISA, EMC Storage Certification, EMC Data Storage Associate, EMC Storage Specialist, EMC Information Management Certification
EMCDS	EMC Data Science Certification, EMC Data Scientist, Certified EMC Data Science Specialist, EMC Data Science Engineer, EMC Data Analytics Certification
VCE-CIA	VCE Certified Implementation Architect, VCE CIA Certification, Certified VCE Implementation Architect, VCE CIA Professional, Vblock CIA Certification, Converged Infrastructure Architect (CIA), VxBlock CIA Specialist, Certified VxBlock Implementation Architect
GSEC: GIAC Security Essentials	 Global Information Assurance Certification - Security Essentials, Certified GSEC Professional, GSEC
GCIH: GIAC Certified Incident Handler	 GIAC Certified IH, Incident Handling Certification, GIAC IH Specialist, GCIH Certified Professional, GIAC Certified Security Analyst (GCIH), GCIH - Incident Response Certification, GIAC GCIH
GCIA: GIAC Certified Intrusion Analyst	GIAC Certified Intrusion Analyst, GCIA Certification, Intrusion Analyst Certification, GIAC GCIA, Certified Intrusion Analyst, Network Intrusion Analyst Certification, Cybersecurity GCIA Certification, GIAC-IA Certification, Intrusion Detection Expert Certification, Certified Network Security Analyst
GCFA: GIAC Certified Forensic Analyst	 Digital Forensics Certification, GCFA - Advanced Digital Forensics Certification, Certified Professional in Digital and Mobile Forensics (GCFA)
GPEN: GIAC Penetration Tester	 Security Certification, GIAC GPEN Credential, Certified Penetration Tester (GPEN), GIAC Certified Ethical Hacker (GPEN), GPEN
GSLC: GIAC Security Leadership	 GIAC Security Leader, GIAC Security Leadership Professional, GSLC - Certified Information Security Manager (GSLC-CISM), GIAC GSLC Practitioner, Certified GIAC Security Leader (GSL), GIAC Information Security Leadership Certification
GREM: GIAC Reverse Engineering Malware	GIAC Reverse Engineering Malware Specialist, GREM Certification, GIAC REM Certified Professional, Reverse Engineering Malware Expert, GIAC REM Analyst, GREM Certified Engineer, Malware Reverse Engineer Certification, GIAC REM Practitioner, Certified GREM Specialist, GIAC REVERSE ENGINEERING MALWARE Credential
GSNA: GIAC Systems and Network Auditor	 Systems and Network Audit Specialist, GIAC Certified Systems and Network Auditor, GSNA Audit Certification, GIAC GNIA (Systems & Network)
GCED: GIAC Certified Enterprise Defender	 GIAC ED Certification, GIAC ED Certified - GCED, Enterprise Defender Certification - GCED, GCED
GCWN: GIAC Certified Windows Security Administrator	 GIAC Windows Admin Cert, Certified GCWN Professional, GIAC Certified Windows Admin, GCWN
GPPA: GIAC Certified Perimeter Protection Analyst	 GIAC CPPA Certification, GIAC CPPA Designation, Certified Perimeter Security Analyst, GIAC Certified Network Protector, GPPA
GPYC: GIAC Python Coder	 Python Coding Specialist, GIAC Certified Python Programmer, GPYC
GRID: GIAC Response and Industrial Defense	 GIAC RID Certification, GIAC GRID Defense Specialist, Industrial Defense Certified Professional (IDCP), GIAC Incident Response and Defense Certification, GRID
Google Cloud Certification – Associate Cloud Architect	Google Cloud Certified - Cloud Architect Associate, GCP Cloud Architect Certification, Google Associate Cloud Architect Certification, Google Cloud Architect - Associate Level, GCP Associate Cloud Architect Exam, Google Certified Professional - Cloud Architect (Associate), GCP Cloud Architecture Certification, Google Certified - Associate Level Cloud Architect, Associate-level Google Cloud Architecture Certification, GCP ACA Certification, GCP
Google Cloud Certification – Associate Cloud Developer	Associate Cloud Developer Certification, Google Cloud Associate Developer, GCP Associate Cloud Developer, Google Cloud Certified - Associate Cloud Developer, GCP Cloud Developer Certification, Google Associate Cloud Development Certification, Associate Level Google Cloud Developer Exam, GCP Certified - Associate Cloud Developer, Google Certified Associate - Cloud Development Engineer , GCDC Certification, GCP
Google Cloud Certification – Associate Data Engineer	Google Cloud Data Engineer, GCP Associate Data Engineer, Google Cloud Certified Data Engineer, Google Associate Data Engineering Certification, GCP Data Engineering Associate, GCCE - Associate Level Data Engineer, Google Cloud Platform Data Engineer Certification, Certified Google Cloud Associate for Data Engineering, GCP ACE - Associate Level Data Engineer, GCDP – Associate Level, GCP
Google Cloud Certification – Associate Cloud DevOps Engineer	 DevOps Engineering, GCP
Google Cloud Certification – Associate Cloud Security Engineer	GCP Associate Cloud Security Engineer, Google Certified Cloud Security Professional, Google Cloud Security Engineer Certification, GCP Cloud Security Specialist, Associate Cloud Security Engineer - GCP Certification, Google Cloud Certified Associate in Cloud Security Engineering, GCP ACE - Google Cloud Associate in Cloud Security Engineering, Google Associate Level Certification in Cloud security engineering, GCSE - Google Certified Secure Engineer for cloud platforms, GCP
Google Cloud Certification – Associate Cloud Network Engineer	Google Cloud Network Engineer Certification, GCP Associate Cloud Network Engineer, Google Associate Network Engineer Certification, Google Cloud Certified – Network Engineer, GCP Network Engineering Certification, Google Cloud Networking Specialist, GCP Cloud Networking Engineer Certification, Google Certified Associate - Cloud Network Engineer, Google Cloud Infrastructure and Networking Certification - Associate Level, GCP ACE (Associate Cloud Engineer) – Networking Specialization, GCP
Google Cloud Certification – Associate Collaboration Engineer	Google Cloud Collaboration Engineer Certification, GCP Associate Collaboration Engineer, Google Cloud Associate - Collaboration Engineer, Google Associate Collaboration Engineer, GCP Collaboration Engineer Certification, Google Cloud Collab Engineer Certification, GCP Collaborate Engineer Certificate, Google Certified Associate - Collaboration Engineer, GCP Assoc. Collaborative Engineering Cert., Google Cloud Collab Engineering Exam, GCP
Google Cloud Certification – Professional Cloud Architect	Google Cloud Architect Certification, Professional Cloud Architect Certification, GCP Cloud Architect Certification, Google Certified Cloud Architect, Certified Professional Cloud Architect, Google Cloud Platform Architect Certification, GCP Professional Cloud Architect Certification, Google Cloud Solutions Architect Certification, Google Certified Professional – Cloud Architecture, GCP PCA (Professional Cloud Architect), GCP
Google Cloud Certification – Professional Cloud Developer	Professional Cloud Developer Certification, Google Cloud Developer Certification, GCP Professional Cloud Developer, Certified Professional Cloud Developer - Google Cloud, Google Cloud Platform Developer Certification, GCP Cloud Developer Certification, Professional Level Cloud Developer - Google Cloud Platform, Professional Cloud Development Engineer - GCP Certification, Certified Google Cloud Application Developer, Google Certified Cloud Engineer (Developer), GCP
Google Cloud Certification – Professional Data Engineer	Google Cloud Data Engineer Certification, GCP Professional Data Engineer, Google Cloud Certified Data Engineer, GCP Data Engineering Certification, Google Cloud Pro Data Engineer, GCP Professional DE Certification, Google Cloud Data Engineering Exam, GCP DE Certification - Professional Level, Google Professional Data Engineering Certification, Google Cloud Certified - Data Engineering, GCP
Google Cloud Certification – Professional Cloud DevOps Engineer	Google Cloud DevOps Certification, Professional Cloud DevOps Engineer Certification, Google Cloud Certified DevOps Engineer, GCP DevOps Engineer Certification, Google Professional Cloud DevOps Engineer, GCP Cloud DevOps Certification, Certified Google Cloud DevOps Engineer, Professional GCP DevOps Engineer Certification, Google Cloud Platform DevOps Certification, GCPE – Professional Cloud DevOps Engineer, GCP
Google Cloud Certification – Professional Cloud Security Engineer	Professional Cloud Security Engineer (Google Cloud Certification), GCP Professional Cloud Security Engineer, Google Cloud Security Engineer Certification, Certified Professional Cloud Security Engineer (Google Cloud), GCP Cloud Security Engineer, Google Professional Cloud Security Engineering certification, GCP Certified Cloud Security Engineer, Google Certified Professional - Cloud Security Engineering, Google Professional Certification for Cloud Security Engineering, GCP PCSE Certification, GCP
Google Cloud Certification – Professional Cloud Network Engineer	Google Cloud Network Engineer Certification, Professional Cloud Network Engineer Certification, GCP Cloud Network Engineer Certification, Google Cloud Network Engineering Certification, GCP Professional Network Engineer Certificate, Certified Google Cloud Network Engineer, Professional Cloud Networking Engineer Certification, GCP Cloud Networking Engineer Certificate, Google Certified Professional - Cloud Networking Specialist, GCP CNSE Certification, GCP
Google Cloud Certification – Professional Collaboration Engineer	Google Collaboration Engineer Certification, GCP Collaboration Engineer Certification, Google Cloud Professional Collaboration Engineer, GCP Professional Collaboration Engineer Certification, Google Cloud Collab Engineer Certification, Google Professional Collaboration Engineer Certificate, GCP Collab Engineer Certification, Google Cloud Certified Collab Engineer, GCP Certified Collaboration Engineer, Google Cloud Pro Collab Engineer, GCP
Google Cloud Certification – G Suite	Google Cloud G Suite Certification, G Suite Certified Professional, Google Cloud - G Suite Certified, G Suite Administrator Certification, Google Cloud Collaboration Certification, G Suite Deployment Specialist, Google Cloud Productivity Certification, G Suite Integration Expertise, Google Cloud - G Suite Specialist, G Suite for Business Certified, GCP
IBM Certified Deployment Professional	IBM Deployment Professional, Certified IBM Deployment Expert, IBM Deployment Specialist, IBM Certified Deployment Engineer, IBM Deployment Architect, Certified IBM Deployment Consultant, IBM Cloud Deployment Professional, IBM Application Deployment Specialist, IBM Software Deployment Expert, Certified IBM Solution Deployer
IBM Certified Solution Designer	IBM Solution Designer, Certified IBM Solutions Architect, IBM Design Thinking Expert, IBM Solution Design Specialist, Certified IBM Application Designer, IBM Certified Design Professional, IBM Solution Engineering Specialist, IBM Solution Architect Certification, Certified IBM Design Consultant, IBM Certified Solution Developer
IBM Certified Specialist	IBM Certified Expert, IBM Specialist Certification, Certified IBM Specialist, IBM Certified Professional, IBM Specialist Accreditation, IBM Mastery Specialist, IBM Certified Associate, IBM Professional Certification, IBM Technical Specialist, Certified IBM Expert
IBM Certified Administrator	IBM Admin Certified, IBM Certified Admin, IBM Administrator Certification, IBM Admin Expert, Certified IBM System Administrator, IBM System Admin Certification, IBM Admin Specialist, IBM Certified Systems Administrator, IBM Server Administrator Certification
IBM Certified Developer	IBM Developer Certification, Certified IBM Developer, IBM Certified App Developer, IBM Software Developer Certification, IBM Developer Professional Certification, IBM Certified Application Engineer, IBM Certified Programming Specialist, IBM Application Development Certification, Certified IBM Software Engineer, Accredited IBM Development Professional
IBM Certified Designer	IBM Designer Certification, IBM Certified UI/UX Designer, IBM Certified Visual Designer, Certified Design Professional by IBM, IBM Design Expert, IBM Creative Design Certification, IBM Certified User Interface Designer, IBM Certified Graphic Designer, IBM Design Thinking Certification, Certified Digital Designer by IBM
IBM Certified Solution Expert	IBM Solution Expert, IBM Certified Expert, IBM Solution Specialist, Certified IBM Solution Consultant, IBM Certified Solutions Architect, IBM Solution Engineer, IBM Solutions Professional, IBM Expert Certification, IBM Solution Consultant Accreditation, Certifed IBM Solutions Specialist
IBM Certified System Administrator	IBM Certified Admin, IBM System Admin Certification, IBM SysAdmin Certified, Certified IBM System Administrator, IBM Server Administrator Certification, IBM System Admin Specialist, IBM System Admin Professional, IBM Certified SysAdmin, Certified System Administrator for IBM products, IBM Systems Administration Certification
Microsoft Technology Associate (MTA)	MTA Certification, Microsoft Technology Associate Certificate, MTA Certified Professional, Microsoft Technology Associate Program, MTA IT Certification, MTA Exam, MTA Training and Certification, Microsoft Certified MTA Specialist, Microsoft Technology Associate Credential, MTA Certified Practitioner, MTA
Microsoft Certified Solutions Associate (MCSA)	 Windows Server, Microsoft Solutions Associate, MCSA Windows 10, MCSA Office 365, Microsoft Certified Solutions Administrator, MCSA Server 2016, MCSA SQL Server, MCSA Azure, MCSA
Microsoft Certified Solutions Expert (MCSE)	Microsoft Certified Solutions Engineer, MCSE Certification, Microsoft Solutions Expert, MCSE Expert, Microsoft Certified Systems Engineer, MCSE Professional, MSCE Certification, Microsoft Certified Solutions Specialist (MCSS), MCSE Qualification, MSCE Exam, MCSE
Micro Focus Identity Manager Certification	Micro Focus IDM Certification, Micro Focus ID Manager Certification, Identity Manager Certification by Micro Focus, MFIDM Certification, Micro Focus Identity Management Certification, Micro Focus IDM Certified Professional, Micro Focus ID Manager Certified Specialist, MFIDM Certified Engineer, Identity Manager Certified Consultant (Micro Focus), Micro Focus IDM Expert
Micro Focus Open Enterprise Server Certification (OES)	Micro Focus OES Certification, Open Enterprise Server Certification, OES Certified Professional, Micro Focus Open Enterprise Server Specialist, OES Expert Certification, Micro Focus OES Accreditation, Micro Focus Open Enterprise Server Exam, Certified in Open Enterprise Server (OES), OES Certification Program, Micro Focus OES Qualified Professional, OES
Micro Focus ZENworks Certification	Micro Focus ZENworks Certified Administrator, ZENworks Certification, Micro Focus Endpoint Management Certification, ZCM Certification, ZENworks Certified Engineer, Micro Focus ZENworks Specialist, MFZC Certification, Micro Focus ZENworks Professional Certification, Certified in Micro Focus Endpoint Management, MF Endpoint Management Certified
Oracle CRM On Demand Certifications	Oracle CRM Certifications, Oracle On Demand CRM Certifications, Oracle Cloud CRM Certifications, Oracle Sales Cloud Certifications, Oracle Customer Experience (CX) Certifications, Oracle CX On Demand Certifications, Oracle CRM Specialist Certifications, Certified Oracle CRM Consultant, Oracle Sales and Service Cloud Certifications, Oracle Unified Customer Data Management (UCDM) Certifications
Oracle Cloud Certifications	Oracle Cloud Certified, Oracle Cloud Professional Certifications, Oracle Cloud Associate Certifications, Oracle Certified Cloud Expert, Oracle Cloud Specialist, Oracle Cloud Architect Certifications, Oracle Cloud Implementation Certifications, Oracle Cloud Administrator Certifications, Oracle Certified Expert in cloud technologies, Oracle Certified Professional -Cloud
Oracle Database Certifications	Oracle DB Certifications, Oracle Database Certified Professional, Oracle DB Specialist, Oracle Database Administrator Certification, Oracle Database Expert, Certified Oracle DBA, Oracle Database Associate Certification, Oracle Database Implementation Specialist, Oracle DB Developer Certification, Certified Oracle SQL Developer
Oracle Java Certifications	Oracle Certified Java Developer, Oracle Certified Java Programmer, Oracle Java SE Certification, Java Certification by Oracle, Oracle Certified Professional - Java, Oracle Certified Associate - Java, OCPJP (Oracle Certified Professional Java Programmer), OCAJP (Oracle Certified Associate Java Programmer), Oracle Java Certification Exams, Oracle JAVA EE Certifications
Palo Alto Networks Certified Cybersecurity Associate (PCCSA)	Palo Alto Networks Cybersecurity Associate, PCCSA Certification, Certified Cybersecurity Associate, Palo Alto Networks Security Associate, PCCSA Certified Professional, Palo Alto Networks Cybersecurity Specialist, PCCSA Accreditation, Palo Alto Networks Network Security Certification, PCCSA Exam Qualified, Certified Palo Alto Networks Security Associate, PCCSA
Palo Alto Networks Certified Network Security Administrator (PCNSA)	Palo Alto Networks Certified NS Administrator, PCNSA Certification, Palo Alto Network Security Admin, PCNSA Certified Professional, Palo Alto Network Administrator Certification, PCNSA Network Security Specialist, Certified Palo Alto Networks Admin, PCNSA Firewall Security Certification, Palo Alto Networks NS Admin Expert, PCNSA Cybersecurity Certification, PCNSA
Red Hat Certified System Administrator (RHCSA)	RHCSA Certification, Red Hat System Administrator, RHCSA Certified, Red Hat Certified Administrator, System Administrator (RHCSA), RHCSA Exam, RHCAS Certification, Red Hat Linux Admin Certification, RHCSA Certified Professional, Red Hat Server Administration, RHCSA
Red Hat OpenStack Certifications	Red Hat OpenStack Admin, RHCSA OpenStack, Red Hat Certified OpenStack Administrator, RHOS Certification, Red Hat Cloud Infrastructure Certification, OpenStack Certified Engineer (RHCE), Red Hat Cloud Platform Certification, RHOCP Certification, Red Hat Certified Cloud Specialist - OpenStack and RHV, RHOSP Certifications
Salesforce Certified Technical Architect	Salesforce Technical Architect Certification, Salesforce Certified Architect, Salesforce Tech Architect, Salesforce Solutions Architect, Certified Salesforce Technical Expert, Salesforce Architecture Certification, Salesforce Platform Architect, SFDC Certified Technical Architect, Salesforce Cloud Architect Certification, Salesforce Application Architect
Salesforce Application Architect	Salesforce Architect, Salesforce Application Expert, Salesforce Solution Architect, SFDC App Architect, Salesforce Platform Architect, Salesforce App Design Specialist, Salesforce Certified Application Developer, Salesforce Integration Architect, SF App Architecture Professional
Salesforce System Architect	Salesforce Solution Architect, Salesforce Application Architect, Salesforce Technical Architect, Salesforce Platform Architect, Salesforce Enterprise Architect, Salesforce Integration Architect, Salesforce Data Architecture and Management Designer, Certified Application Architecture Specialist
Scrum Certification	Certified Scrum Master, Scrum Master Certification, Scrum Product Owner Certification, Certified Scrum Professional, Scrum Alliance Certification, Professional Scrum Certificate, Advanced Scrum Master Certification, Certified Agile Practitioner (Scrum), Accredited Scrum Trainer
Scrum Alliance – Certified ScrumMaster (CSM)	Certified Scrum Master, CSM Certification, Scrum Alliance Certified Scrum Master, ScrumMaster Certification, CSM Training, Certified ScrumMaster Program, Agile Scrum Master Certification, CSM Credential, Professional Scrum Master Certification (PSM), Agile Project Management Certification, CSM
Scrum Alliance – Certified Scrum Developers (CSD)	Certified Scrum Developer, CSD Certification, Scrum Alliance Developer Certification, Scrum Alliance CSD, Certified Scrum Engineer, Scrum Certified Developer, CSD Agile Certification, Certified Agile Developer - Scrum Alliance, CSD Professional Certification, Scrum Development Certification, CSD
scrum.org – Professional Scrum Master (PSM)	Professional Scrum Master, PSM Certification, Scrum Master Certification, Certified Scrum.org Professional, Scrum.org - PSM Certified, PSM-1 (Professional Scrum Master) Certification, Agile Scrum Master Certification by scrum.org, Professional Agile Leadership - Scrum.org (PAL-I), scrum.org Certified Professional in Scrum (CSPS), Accredited Professional Scrum Master (PSM), PSM
Simplilearn – Agile Scrum Master (ASM)	Agile Scrum Master Certification, ASM Certification, Simplilearn ASM, Agile Scrum Master Training, Certified Scrum Master by Simplilearn, Simplilearn Agile Scrum Certification, ASM Training and Certification, Agile Project Management Certification by Simplilearn, Simplilearn Certified Scrum Professional (CSP), ASM Agile Scrum Master Credential, ASM
HPE Master ASE - Edge-to-Cloud Architect V1	HPE Edge-to-Cloud Architect, HPE Master ASE - Cloud Solution Architect V1, HPE ASE - Edge-to-Cloud Integration Specialist, HPE Certified Edge-to-Cloud Professional, HPE Cloud Architecture Expert, HPE Accredited Solutions Expert - Hybrid IT Solutions and Services V1, HPE Certified Cloud Architect, HPE Edge-to-Cloud Integration Engineer, HPE Certified ASE - Hybrid IT Solutions and Services V1, HPE Cloud Infrastructure Specialist, HPE Master ASE
HPE Master ASE - Hybrid IT Solutions Architect V1	HPE Master ASE Solutions Architect, HPE Hybrid IT Solutions Architect, HPE Master ASE - Hybrid IT Architect, HPE Solutions Architect V1, HPE Hybrid IT ASE, HPE Master ASE - Hybrid IT V1, HPE Certified Solutions Architect, HPE Hybrid IT Architect Certification, HPE Master ASE - Hybrid IT Solutions Expert V1, HPE Hybrid Cloud Solutions Architect, HPE Master ASE
HPE Master ASE - Infrastructure Automation V1	HPE Infrastructure Automation Master, HPE Master ASE - Infrastructure Automation, HPE Infrastructure Automation Expert, HPE ASE - Infrastructure Automation Specialist, HPE Certified Infrastructure Automation Professional, HPE V1 Master ASE - Infrastructure Automation, HPE Infrastructure Automation Ace, HPE Certified Master in Infrastructure Automation, HPE Infrastructure Automation Guru, HPE V1 ASE - Infrastructure Automation, HPE Master ASE
HPE Master ASE - Storage Solutions Architect V1	HPE Storage Solutions Architect Certification, HPE Master ASE - Storage V1, HPE Storage Solutions Architect V1, HPE Storage ASE - Solutions Architect V1, HPE Master ASE - Storage Architect Version 1, HPE Certified ASE for Storage Solutions - V1, HPE Master Accredited Solutions Expert in Storage Architecture - Version 1, HPE Certified Expert - Storage Solutions Architecture V1, HPE Master Level ASE in Storage Solution Designing V1, HPE Accredited Systems Engineer for Storage Architecture - Version 1, HPE Master ASE
HPE Master ASE - Servers Solutions Architect V1	HPE Master ASE - Server Solutions Architect, HPE Master ASE - Servers SA V1, HPE Master Accredited Systems Engineer (ASE) - Servers Solutions Architect, HPE Servers Solutions Architect Certification, HPE Certified Master ASE - Server Solutions V1, HPE SA V1 Certification, HPE Servers Architecture Expert, HP Enterprise Master ASE - Server Solutions Architect V1, Hewlett Packard Enterprise Certified Server Solutions Architect, HPE-SA V1, HPE Master ASE
HPE Master ASE - Networking Solutions Architect V1	HPE Networking Solutions Architect, HPE ASE - Networking Solutions, HPE Master ASE - Network Architect, HPE Networking Solutions Expert, HPE ASE - Network Architecture Specialist, HPE Certified Network Solutions Architect, HPE Master ASE - Network Infrastructure V1, HPE Networking Architecture Professional, HPE Certified Network Architect, HPE Master Accredited Solutions Expert, HPE Master ASE
HPE Master ASE - Converged Systems Architect V1	HPE Converged Systems Architect, HP Master ASE - Converged Systems Architect V1, HPE CSA V1, Certified HPE Converged Systems Architect, HPE Master ASE - Convergence Expert V1, HPE CSA Certification, Hewlett Packard Enterprise Converged Systems Architect - Version 1, HPE CSAA V1 Certification, HPE Convergence Solutions Architect Master ASE V1, HP Expert Certified - Converged Systems Architecture, HPE Master ASE
HPE Master ASE - Cloud Architect V1	HPE Master ASE - Cloud Architect Version 1, HPE Master ASE Cloud Architect V1, HPE Certified Master ASE - Cloud Architect V1, HPE Certified Master ASE (Cloud Architect Version 1), HPE Cloud Architect - Master ASE V1, HPE Master Accredited Solutions Expert - Cloud Architect V1, HPE Certified Expert-Cloud Solutions Architecture (Master), HPE Accredited Solutions Expert - Cloud Architecture (Master), HPE Certified Master Associate in Cloud Architecture Version 1, HP Enterprise Cloud Architect Certification, HPE Master ASE
HPE Master ASE - Software-Defined Storage Architect V1	HPE Master ASE - SDS Architect V1, HPE Master ASE - Software-Defined Storage Expert, HPE Master ASE - SDS Architect Version 1.0, HPE Certified SDS Architect, HPE SDS Architect Certification, HPE Master ASE for Software-Defined Storage Architecture, HPE Certified Expert in Software-Defined Storage Architecture, HPE Software-Defined Storage Architect V1 Certification, HPE MASE - SDS Architect V1, HPE Accredited Solutions Expert - Software-Defined Storage Architecture, HPE Master ASE
ASE - 3PAR Storage Solutions V1	HPE ASE - 3PAR Storage Solutions, HPE 3PAR Storage Solutions Certified Expert, HPE 3PAR Storage Certification, HPE ASE - 3PAR Storage Professional, HPE 3PAR Certified Specialist, HPE Storage Solutions Expert (ASE), HPE 3PAR Storage Administrator Certification, ASE - HP Enterprise Storage Solutions V1, HP Enterprise Storage Specialist - 3PAR solutions certified expert (ASE), HP ASE - 3PAR StoreServ All Flash and Converged Solutions V1, HPE ASE
ASE - Converged Systems Solutions V1	Converged Systems Solutions Expert, ASE - Converged Systems V1, Converged Infrastructure Specialist, Certified ASE - Converged Systems Solutions, ASE - Converged Systems Architect, Converged Infrastructure Engineer, ASE - Converged Solutions V1, Certified Converged Systems Professional, ASE - Convergent Technologies Solutions V1, Advanced Solutions Expert in Convergence., HPE ASE
ASE - Data Center Networking Solutions V1	Data Center Networking ASE, ASE - DC Networking Solutions, Data Center Networking Solutions Certified, ASE Data Center Network Specialist, DC Networking Solutions ASE V1, Datacenter Network Solutions Certified Engineer, ASE - Datacenter Networking V1, Data Center Network Solutions Expert, Certified ASE in Data Center Networking, ASE - DCN Solutions V1, HPE ASE
ASE - Edge-to-Cloud Architect V1	ASE Architect, Edge-to-Cloud Architect V1, AWS Edge-to-Cloud Solution Architect, ASE - E2C Architect V1, Cloud to Edge Architect Certification, ASEv1 - Edge-to-Cloud Architect, AWS Certified Edge-to-Cloud Solution Architect, ASE - E2C Architecture Certification, Amazon Edge-to-Cloud Architecture Specialist, ASEv1 - E2C Solution Architect, HPE ASE
ASE - Hybrid IT Solutions Architect V1	ASE Solutions Architect, Hybrid IT Solutions Architect, ASE - IT Solutions Architect, AWS Hybrid Architect, ASE - Hybrid Solutions Expert, ASE V1 Solutions Architect, Certified Hybrid IT Architect, AWS Solutions Architect - Hybrid IT, ASE Cloud Solutions Architect, AWS Hybrid Infrastructure Architect, HPE ASE
ASE - Infrastructure Automation V1	ASE Infrastructure Automation, ASE - Infra Automation V1, AWS ASE Infrastructure Automation, Amazon Infrastructure Automation Certification, ASE IA V1, AWS Certified Infrastructure Automation Engineer, ASE - Infra Auto V1 Certified, AWS DevOps Engineer - Infrastructure Automation, Amazon Web Services Infrastructure Automation Expert, ASE - Infra Automação V1, HPE ASE
ASE - Linux Solutions V1	ASE - Linux Solutions, ASE Linux V1, Linux Solutions Certification, ASE - Linux Expert, Advanced Solution Engineer - Linux, Linux Solutions Specialist, Certified Linux Solutions Professional, ASE - Linux Administrator V1, ASE - Linux Deployment Expert, ASE - Certified in Linux, HPE ASE
ASE - Microsoft Solutions V1	ASE - Microsoft Solutions, ASE Microsoft Certified Solutions Expert, Microsoft ASE Certification, ASE - Microsoft Solutions Version 1, Microsoft Solutions Architect Expert certification, Microsoft Certified ASE - Solutions V1, ASE - MS Solutions Professional, Microsoft Azure Solution Expert - Version 1, MS Solution Architect Expert Certification (ASE), ASE Certification for Microsoft Solutions, HPE ASE
ASE - Networking Solutions V1	Networking Solutions Architect, ASE Networking Specialist, Networking Solutions V1 Certified Engineer, ASE - Network Solutions Professional, Networking Solutions V1 Expert, ASE - Network Infrastructure Engineer, AWS Networking Solutions Associate, ASE - Network Design and Implementation Specialist V1, Networking Solutions V1 Accredited Professional, AWS Certified Networking Specialist, HPE ASE
ASE - OpenStack Solutions V1	OpenStack Solutions Architect, OpenStack Certified Engineer, ASE OpenStack Specialist, OpenStack Solutions Professional, ASE - OpenStack Expert, OpenStack Solutions Consultant, Certified ASE - OpenStack Practitioner, ASE - OpenStack Deployment Specialist, ASE - OpenStack Integration Engineer, Certified OpenStack Solutions Developer, HPE ASE
ASE - Storage Solutions V1	ASE - Storage Solutions Version 1, Storage Solutions ASE V1, EMC ASE - Storage Solutions Version 1, ASE (Storage Solutions) V1 Certified, Dell EMC Storage Solutions Expert, Dell EMC Certified Specialist - Storage Solutions V1, EMC Proven Professional - ASE (Storage Solutions) Version 1, Dell-EMC Certification in Storage Solutions V1, ASE - Storage Systems Specialist, HPE ASE
ASE - Servers Solutions V1	ASE Server Solutions, ASE - Servers V1, Servers Solutions Certification, Advanced Server Solutions Engineer, ASE - Server Solutions Version 1, Certified Server Solutions Expert, ASE-SS V1, Servers Solutions Professional Certification, ASE - Servers Specialist V1, Advanced Server Engineer, HPE ASE
ASE - Software-Defined Storage Architect V1	Software-Defined Storage Architect Certification, ASE SDS Architect V1, Certified Software-Defined Storage Architect, ASE - SDSA V1, SDSA Architect Certification, ASE Software-Defined Storage Expert, Software-Defined Storage Architecture Specialist, AWS SDSA Certification V1, ASE - SDS Architect Version 1.0, Certified SDSA Engineer, HPE ASE
ATP - 3PAR Storage Solutions V1	ATP - 3PAR Storage Administrator, 3PAR Storage Solutions Certification, HP ATP - 3PAR Storage V1, ATP-HP 3PAR Storage Solutions, HP 3PAR Certified Professional, HP Certified ATP-Storage Administrator, HP ATP - Storage Solutions V1, HPE ATP-Storage Administrator V1 certification, HPE 3PAR Storage Certification, HPE Certified Specialist - 3PAR Administration, HPE ATP
ATP - Converged Systems Solutions V1	ATP Converged Systems Solutions, ATP CSS V1, ATP - CSS V1 Certification, Converged Systems Solutions ATP, Certified ATP - Converged Systems Specialist, Cisco Certified Converged Systems Specialist, Cisco CSS V1 Certification, ATP - CSS Version 1, Cisco Converged Systems Solutions Accreditation, HPE ATP
ATP - Data Center Networking Solutions V1	ATP Data Center Networking, Cisco ATP - DC Networking, Data Center Networking Solutions Specialist, ATP DC Networking Solutions V1, Cisco Data Center Networking Certified Professional, ATP - DC Network Solutions Version 1, Cisco Certified ATP in Data Center Networking Solutions V1, CCNA - Data Center Networking Solutions V1, Cisco ATP-DCN Solution Expert, Advanced Technical Provider for Data Center Networking, HPE ATP
ATP - Edge-to-Cloud Architect V1	ATP Cloud Architect, ATP Edge-to-Cloud Solutions Architect, Cisco Edge-to-Cloud Architecture Certification, ATP Cloud Infrastructure Architect, Cisco ATP - Edge-to-Cloud Designation, ATP Cloud Services Architect, Edge-to-Cloud Certified Professional, Cisco Enterprise Edge-to-Cloud Architect Certification, ATP - E2C Architect V1.0, Cisco Architecture for Edge and Cloud Computing, HPE ATP
ATP - Hybrid IT Solutions Architect V1	ATP Hybrid Solutions Architect, ATP - IT Solutions Architect, Hybrid IT Solutions Architect Certification, ATP V1 Solutions Architect, Certified ATP Hybrid IT Architect, ATP Hybrid IT Specialist, ATP - Hybrid Technology Solutions Architect, V1 Hybrid IT Solutions Architect Certification, Advanced Technology Partner - Hybrid Solution Architecture V1, HPE ATP
ATP - Infrastructure Automation V1	 Infrastructure Automation, Infrastructure Automation V1 Certification, Advanced Technology Professional - Infrastructure Automation V1, ATP in Infrastructure Automation Version 1.0, Certified Specialist in infrastructure automation (ATP), HPE ATP
ATP - Linux Solutions V1	ATP Linux Solutions, ATP - Linux V1, ATP Certified Linux Solutions, Accredited Technical Professional - Linux Solutions V1, ATP - Linux Certification, Linux Solutions Expert (ATP), ATP - Linux Specialist, ATP Certified in Linux Solutions V1, Accredited Technical Professional in Linux Solutions V1, ATP - Linux Solution Architect, HPE ATP
ATP - Microsoft Solutions V1	 ATP Version 1 Certification, Microsoft Solutions V1 Accreditation, HPE ATP
ATP - Networking Solutions V1	Networking Solutions ATP, ATP Networking Certification, Networking Solutions V1 Certified, ATP - Network Solutions Professional, Cisco Networking Solutions ATP, Cisco ATP - Networking Solutions, Certified Networking Specialist ATP V1, ATP - Network Infrastructure Certification, Cisco Networking Solutions Accreditation V1, Cisco Certified ATP for Network Solutions, HPE ATP
ATP - OpenStack Solutions V1	OpenStack Solutions Architect, OpenStack Certified Professional, ATP - OpenStack Solutions Version 1, OpenStack Solutions Specialist, Certified ATP for OpenStack Solutions V1, ATP - OpenStack Solutions Professional, OpenStack Deployment Expert, ATP - OpenStack Cloud Solutions V1, OpenStack Solutions Engineer, ATP - OpenStack Infrastructure Specialist, HPE ATP
ATP - Storage Solutions V1	ATP Storage Solutions, ATP - Storage V1 Certification, Storage Solutions ATP, Certified ATP - Storage Specialist, ATP - Storage Expert, ATP - Storage Solutions Professional, Advanced Technology Partner - Storage Solutions V1 Certified, Storage Solutions Architect Certification, ATP - Storage Integration Specialist, Authorized Training Partner for Storage Solutions, HPE ATP
ATP - Servers Solutions V1	ATP Servers V1, ATP - Server Solutions, Advanced Technology Partner - Servers Solutions, ATP Certified Server Specialist, Server Solutions ATP Certification, ATP - Servers Expertise, ATP Server Deployment Certification, ATP Accredited Servers Professional, Servers Solutions Specialist (ATP), Certified ATP - Servers Consultant, HPE ATP
HPE Certified Solutions Architect	HPE Solutions Architect, HPE Certified Architect, HPE Solutions Design Expert, Certified HPE Architect, HPE Solution Architecture Specialist, HPE Accredited Solutions Expert, HPE Certified Solution Designer, HPE Infrastructure Architect Certification, HPE Design and Integration Architect, Accredited Technology Solutions Architect
HPE Certified Solutions Associate	HPE CSA, HPE Certified Solutions Assoc., HPE Solutions Associate, HPE Certified Associate, HP CSA, Hewlett Packard Enterprise Certified Solutions Associate, HPE Certified Solutions Specialist, HPE CSA Certification, HPE Accredited Solutions Associate, HP Enterprise CSA
HPE Certified Technical Associate	HPE CTA, HPE Certified Associate, HPE Technical Associate, HPE Certified Tech Associate, Hewlett Packard Enterprise Certified Technical Associate, HPE Certified Technology Associate, HP Enterprise CTA, HP Certified Technical Associate, HPE Tech Associate Certification, Hewlett Packard Enterprise Technical Associate
HPE Certified Specialist	HPE Specialist Certification, HPE Certified Professional, HPE Technology Specialist, Hewlett Packard Enterprise Certified Expert, HPE Certified Engineer, HPE Accredited Specialist, HPE Certified Administrator, HPE Expert Certification, HP Enterprise Specialist Training and Certification Program, Hewlett Packard Enterprise Technical Certification
Advanced Information Security (AIS)	Advanced Security Certification, AIS Certified Professional, Advanced Information Systems Security, AIS Expert, Advanced Cybersecurity Certification, AIS Specialist, Advanced InfoSec Certification, AIS Accreditation, Advanced IT Security Certification, AIS
Aruba Certified ClearPass Expert (ACCX)	Aruba ACCX, ClearPass Expert Certification, Certified ACCX Professional, Aruba ClearPass Specialist, ACCX Certified Expert, Aruba Network Expert (ACCX), Aruba ClearPass Authentication Expert, ACCX Credential Holder, Aruba Certified ClearPass Specialist, ACCX Certified Professional, ACCX
Aruba Certified Design Expert (ACDX)	ACDX Certification, Aruba Design Expert, Certified Aruba Design Professional, Aruba Network Design Expert, ACDX Networking Certification, Aruba Certified Design Specialist, ACDS Certification, Aruba Network Architecture Expert, Certified Aruba Network Designer, ACDX Network Engineer, ACDX
Aruba Certified Edge Expert (ACEX)	Aruba ACEX Certified Expert, Aruba Certified Edge Specialist, ACEX Certification, Aruba Edge Expert Certification, ACES (Aruba Certified Edge Specialist), Aruba Networking Expert (ACEX), Aruba ACEX Professional, Certified Aruba Edge Engineer (ACEX), Aruba Edge Solutions Expert, Aruba Network Administrator (ACEX), ACEX
Aruba Certified Mobility Expert (ACMX)	ACMX Certification, Aruba Mobility Expert, Aruba Certified Mobility Professional, ACMX-XXX (where XXX represents the version), Aruba Wireless Expert, Aruba Network Expert, Certified Aruba Mobility Expert, ACMX Specialist, Advanced Aruba Mobility Certification, Aruba Networking Professional, ACMX
Aruba Certified ClearPass Professional (ACCP)	Aruba ClearPass Certified Professional, ACCP Certified, Aruba ClearPass Expert, Aruba ClearPass Specialist, ACCP Certification Holder, Aruba ClearPass Professional Exam Passed, ACCP Certified Engineer, Aruba Network Access Control Professional, Aruba Certified Network Security Expert (ACNSE) - ClearPass Specialization, Accredited Aruba ClearPass Professional, ACCP
Aruba Certified Design Professional (ACDP)	ACDP Certification, Aruba Design Professional, Aruba Certified Design Expert, ACDP Exam, Aruba Network Design Certified Professional, ACNP Certification (Aruba Certified Network Professional), Aruba Wireless Design Specialist, Aruba WLAN Design Certified Engineer, ACDP Accreditation, Aruba Network Architecture Certification, ACDP
Aruba Certified Edge Professional (ACEP)	ACEP Certification, Aruba Edge Professional, Aruba Certified Edge Expert, ACEP Exam, Aruba Network Edge Specialist, Aruba Certified Networking Professional (ACNP), ACEP Training Program, Aruba Mobility Expert (AME), ACMP-ACEP Certification, Aruba Wireless Network Professional, ACEP
Aruba Certified Mobility Professional (ACMP)	ACMP Certification, Aruba Mobility Professional, Aruba Certified Mobility Expert, ACMP Certified Professional, Aruba Mobility Specialist, ACMP Accreditation, Aruba Wi-Fi Certified Professional, Certified Aruba Wireless Engineer, ACMP Designation, Aruba Network Mobility Certification, ACMP
Certified Broadcast Networking Technologist (CBNT)	CBNT Certification, Broadcast Networking Technologist Certification, Certified Broadcast Network Technician, CBNT Certified Professional, Broadcast Network Technologist Certification, CBNT Accredited Engineer, Certified Broadcasting Network Specialist, Broadcasting Technology Certification, CBNT Certified Expert, Certified Networking Technologist (CBNT), CBNT
Certified Computer Examiner (CCE)	Computer Forensic Examiner, CCE Certified Examiner, Certified Digital Forensics Examiner, Computer Crime Examiner, Cyber Forensic Investigator, CCE Certification Holder, Certified Computer Investigation Specialist (CCIS), Digital Evidence Examiner, Computer Forensics Analyst with CCE certification, CCE-qualified Forensic Expert, CCE
Certified Electronics Technician by the ETA (CET)	Certified CET Technician, ETA Certified Electronics Technician, CET by ETA, Certified Electronics Tech, Electronics Technician Certification (CET), ETA-Certified Electronics Specialist, Certified Electronic Technician Program, ETA CET Certification, Electronics Technician by ETA, CET Accredited Certification, CET
Certified Hardware Asset Management Professional (CHAMP)	Certified Hardware Asset Manager, CHAMP Certification, Professional Hardware Asset Management Expert, Certified Asset Management Specialist, Hardware Asset Management Professional Certification, CHAMP Certified Practitioner, Accredited Hardware Asset Manager, Certified IT Asset Management Professional (CHAMP), CHAMP Designation Holder, CHAMP Certified Expert, CHAMP
Certified Information Systems Auditor (CISA)	CISA Certified Auditor, Information Systems Auditor Certification, CISA Accredited Professional, Certified IS Auditor, CISA Audit Specialist, CISA Certified IT Auditor, Certified Information Systems Assurance Professional, CISA Audit and Assurance Expert, ISACA CISA Certification Holder, Certified Information Systems Audit Consultant, CISA
Certified Information Security Manager (CISM)	CISM Certification, Information Security Manager Certification, Certified IS Manager, CISM Designation, Information Security Management Certification, CISM Credential, Certified Security Manager, ISM Certification, CISM Professional Certification, Certified InfoSec Manager, CISM
Certified Information Systems Security Professional (CISSP)	CISSP Certification, Certified Information Systems Security Professional, CISSP Certified, Information Security Professional (CISSP), Certified Cybersecurity Expert (CISSP), CISSP Security Certification, CISSP-qualified professional, CISSP-Designated Specialist, Accredited CISSP Specialist, Certified IT Security Professional, CISSP
Certified Information Technology Asset Manager (CITAM)	Certified IT Asset Manager, CITAM Certified Professional, Information Technology Asset Management Certification, IT Asset Manager Certification, CITAM-qualified professional, Certified ITAM Specialist, IT Asset Management Certification, CITAM Certified Practitioner, Certified IT Assets Manager, CITAM Designation, CITAM
Certified Internet Webmaster (CIW)	CIW Webmaster Certification, Certified CIW Professional, Internet Webmaster Certified, CIW Website Design Certification, CIW Master Designer Certification, Certified Internet Web Developer (CIWD), CIW Site Development Associate, CIW Advanced HTML5 and CSS3 Specialist, CIW JavaScript Specialist, Certified Webmaster, CIW
Certified Software Asset Manager (CSAM)	Software Asset Manager Certification, CSAM Certification, Certified SAM Professional, Software License Management Certification, Certified IT Asset Manager, CSAM Practitioner, Accredited Software Asset Manager, Certified SAM Expert, Software Asset Management Specialist Certification, CSAM Designation, CSAM
Certified Software Developer Program (CSDP)	CSDP certification, Certified Software Developer Program, CSDP credential, Software Developer Certification, Certified Developer Program, CSDP Certified, CSDP Professional, CSDP Accreditation, Software Development Certification, Certified Developer Training, CSDP
Certified Software Tester (CSTE)	CSTE certification, Software Tester Certification, Certified Tester (CSTE), CSTE Certified, CSTE Qualification, Professional Software Testing Certification, Quality Assurance Certification (CSTE), CSTE Testing Specialist, CSTE Exam Passer, CSTE Accreditation, CSTE
Help Desk Institute (HDI)	HDI Help Desk Analyst, HDI Support Center Analyst, HDI Desktop Support Technician, HDI Technical Support Professional, HDI Service Desk Manager, Help Desk Institute Certified Professional, HDI Customer Service Representative, HDI ITIL Foundation for ITSM, HDI Problem Management Professional, HDI Incident Management Specialist, HDI
Internet and Computing Core Certification (IC3)	IC3 Certification, Internet and Computing Core Certified, IC3 Computing Fundamentals Certification, IC3 Digital Literacy Certification, IC3 Computer Essentials Certification, IC3 Key Applications Certification, Internet and Computing Core Expertise, Certified in IC3, IC3 Technology Skills Certificate, IC3 Computer Proficiency Credential, IC3
Certified Data Privacy Solutions Engineer (CDPSE)	CDPSE Certification, Data Privacy Solutions Engineer Certification, Certified CDPSE Professional, CDPSE Specialist, Certified Data Privacy Engineer, Data Privacy Solutions Expert, CDPSE Accreditation, Certified Data Privacy Professional (CDPP), CDPSE Designation, Certified Solutions Engineer for Data Privacy, CDPSE
ITIL 4 Foundation Level Certification	ITIL 4 Foundation, ITIL Foundation Certification Level 4, ITIL v4 Foundation, ITIL 4 Certified, IT Service Management Foundation Level Certification (ITIL 4), IT Infrastructure Library 4 Foundation Certification, ITIL Version 4 Foundation Level Certification, ITSM Foundation Certificate (ITIL v4), IT Service Management Framework Foundation Level Certification (ITIL 4), Information Technology Infrastructure Library Version 4.0 - Foundational Certification
"Certified Cloud Security Professional (CCSP)
"	CCSP Certification, Cloud Security Professional, Certified Cloud Security Expert, CCSP Certified Specialist, Cloud Security Practitioner, CCSP Certified Professional, Certified Cloud Security Specialist, Cloud Security Engineer (CCSP), Certified Cloud Security Analyst (CCSP), CCSP-Cloud Security Accreditation, CCSP
Certified Data Professional (CDP)	CDP Certified Professional, Certified Data Specialist, Data Management Certified Professional, CDP Certification Holder, Accredited Data Professional, Certified Data Analyst, CDP Designation Holder, Data Governance Certified Professional, CDP Exam Passer, Certified Data Practitioner, CDP
Certified Ethical Hacker (CEH)	Ethical Hacking Certified, CEH Certified Professional, Ethical Hacker Certification, Certified White Hat Hacker, CEHv10 Certified, Cyber Security Penetration Tester Certification, CEH Exam Passed, Licensed Ethical Hacker, CEH Accredited Professional, Offensive Security Specialist, CEH
Certified in Risk and Information Systems Control (CRISC)	CRISC Certification, CRISC Certified, Risk and Information Systems Control Certification, ISACA CRISC, Information Systems Control Certification, CRISC Exam, CRISC Designation, Certified in Risk and IS Control (CRISC), CRISC Credential, CRISC Qualification, CRISC
VMware Certified Professional – Data Center Virtualization 2022 (VCP-DCV 2022)	VCP-DCV 2022, VMware Certified Professional in Data Center Virtualization 2022, VMware DCV Certification, VCP-DCV 2022 Certification, VMware Certified Data Center Virtualization Professional 2022, VMware DCV Expert Certification, Data Center Virtualization VCP-DCV 2022, VCP for Data Center Virtualization (DCV) 2022, VMware Certified Professional – DC Virtualization 2022, VCP-DCV Certification, VCP-DCV 2022
