unique_id,Level 1,Level 2,Level 1.5,alternative_names
133,Technologies,Microsoft Excel,,"Sure! Here are 10 alternative names for Microsoft Excel that you can look for:

1. Excel
2. MS Excel
3. Microsoft's spreadsheet software
4. Spreadsheet program by Microsoft
5. Microsoft's data analysis tool
6. Workbook software by Microsoft
7. Spreadsheet application from Microsoft
8. Excel program
9. Microsoft's electronic spreadsheet tool
10. MS Office Excel

Please note that this is just a list of suggestions, and it may vary depending on the context in which these terms are used in the document you're referencing.

Let me know if there's anything else I can assist you with!"
134,Technologies,Microsoft Office software,,"Office software, Microsoft Office suite, Microsoft's productivity suite, MS Office, Microsoft's office applications, Office program by Microsoft, Microsoft's document management tools, Suite of productivity software by Microsoft, Office application suite by Microsoft, Microsoft's business software"
135,Technologies,Microsoft PowerPoint,,"PowerPoint, PPT, MS PowerPoint, Microsoft PowerPoint, Presentation software by Microsoft, Microsoft's presentation application, PowerPoint program, Presentation tool by Microsoft, Microsoft's slide deck software, Slide presentation program"
136,Technologies,Microsoft Outlook,,"Outlook, MS Outlook, Microsoft Outlook, Email client by Microsoft, Microsoft's email application, Outlook program, Outlook software, Microsoft's communication tool, Email management software by Microsoft, Microsoft's messaging platform"
137,Technologies,Microsoft Word,,"Word, MS Word, Microsoft Word, Document software by Microsoft, Microsoft's word processing application, Word program, Word software, Microsoft's text editing tool, Microsoft's document processor, Text editor by Microsoft"
138,Technologies,Structured query language SQL,,"SQL, Query language SQL, Database query language SQL, Relational database language SQL, Structured database query language, SQL programming language, Standardized query language, Structured data querying language, SQL scripting language, Database management system query language"
139,Technologies,Python,,"Python, Python programming language, Python script, Python code, Python scripting language, Scripting language by Guido van Rossum, Python software, Programming language by Guido van Rossum, Python programming tool, Object-oriented scripting language"
140,Technologies,Oracle Java,,"Java, Oracle's Java, Java programming language, Oracle's programming language, Java software by Oracle, Oracle's development platform, Java platform by Oracle, Oracle's application development tool, Object-oriented programming language by Oracle, Software development framework by Oracle"
141,Technologies,Amazon Web Services AWS software,,"AWS, Amazon AWS, Amazon Web Services, AWS software, AWS platform, Amazon cloud services, Amazon's web hosting service, Cloud computing by Amazon, Amazon's cloud infrastructure service, AWS platform as a service"
142,Technologies,JavaScript,,"JS, ECMAScript, JS scripting language, Client-side scripting language, Web scripting language, Front-end programming language, Scripting language for web development, Language used for interactivity on websites, Browser-based programming language, Programming language for dynamic web content"
143,Technologies,SAP software,,"SAP, SAP system, SAP solution, SAP application, SAP platform, SAP software suite, SAP ERP software, SAP business software, SAP technology stack, Enterprise resource planning by SAP"
144,Technologies,Microsoft Azure software,,"Azure, Microsoft Azure, Azure software, Microsoft's cloud platform, Azure services, Microsoft's cloud computing solution, Azure platform, Microsoft's cloud technology, Azure ecosystem, Microsoft's cloud-based software"
145,Technologies,Microsoft Access,,"Access, MS Access, Microsoft's database management system, Microsoft database software, Database application by Microsoft, Microsoft's data storage tool, Access program, Access software, Microsoft's relational database software, Database program by Microsoft"
146,Technologies,Linux,,"Linux OS, GNU/Linux, Linux kernel, Open-source operating system, Linux-based system, Unix-like operating system, Linux distribution, Linux platform, Linux environment, Free and open-source software (FOSS)"
147,Technologies,Hypertext markup language HTML,,"HTML, HyperText Markup Language, Web coding language, Markup language for the web, HTML5, Web development language, Web design language, HTML code, Hypertext markup code"
148,Technologies,Atlassian JIRA,,"JIRA, Atlassian's issue tracking system, JIRA software, Atlassian JIRA tool, JIRA platform, Atlassian's project management software, JIRA application, Atlassian's ticketing system, JIRA by Atlassian, Atlassian's bug tracking tool."
149,Technologies,Tableau,,"Tableau, Tableau software, Data visualization tool by Tableau, Tableau analytics platform, Tableau's data analysis software, Tableau visualization software, Business intelligence tool by Tableau, Tableau reporting tool, Data dashboard software by Tableau"
150,Technologies,Cascading style sheets CSS,,"CSS, Cascading stylesheets, Styling language for HTML, CSS3, Style sheets, Web styling language, CSS framework, Stylesheet language, Styling technology for webpages"
151,Technologies,Microsoft SharePoint,,"SharePoint, MS SharePoint, Microsoft SharePoint, Collaboration platform by Microsoft, Microsoft's document management system, SharePoint software, Microsoft's team collaboration tool, SharePoint program, Intranet solution by Microsoft, Content management system by Microsoft"
152,Technologies,Git,,"Git, Version control system by Git, Distributed version control system by Git, Git software, Source code management tool by Git, Git SCM, Git tool, GitHub's version control system, Open-source distributed version control system by Git, Code repository management software"
153,Technologies,C#,,"C Sharp, C sharp language, Microsoft's C# programming language, C number sign, C hash, C sharp programming platform, .NET language by Microsoft, Object-oriented language from Microsoft, Programming language similar to Java and C++, Language used in .NET development"
154,Technologies,React,,"ReactJS, React.js, Facebook's React, JavaScript library for building user interfaces, Front-end framework by Facebook, UI development library by Facebook, React framework, React JavaScript library, React view library, Declarative JavaScript library"
155,Technologies,Google Angular,,"AngularJS, Angular framework, Google's Angular, AngularJS by Google, Google's JavaScript framework, Angular development platform, Google's front-end framework, Angular software, Google's web application framework, JavaScript library by Google"
156,Technologies,C++,,"C plus plus, Cplusplus, CPP, C with classes, Object-oriented C, C language extension, C-based object-oriented programming language, High-level programming language for systems development, General-purpose programming language with a bias towards systems programming"
157,Technologies,Docker,,"Containerization tool, Docker engine, Docker platform, Docker software, Docker container system, Container solution by Docker Inc., Container deployment tool by Docker, Dockerized applications, Dockership technology, D-Tech"
158,Technologies,Kubernetes,,"K8s, Container orchestration tool, Kubernetes platform, Cluster management system, Open-source containerization platform, Cloud-native application deployment tool, Container management framework, Kubernetes engine, Kube system, Kubernetes runtime"
159,Technologies,R,,"R language, R programming, R software, Statistical programming language R, Scripting language for data analysis and visualization, Open-source statistical tool R, Statistical environment for data analysis using R, Data manipulation and modeling in R, Computational statistics with R, Data science with the R programming language."
160,Technologies,Google Workspace software,,"Google Docs, Google Sheets, Google Slides, G Suite, Google's productivity suite, Google Drive apps, Google's collaboration tools, Google's office software, Cloud-based productivity tools by Google, Workspace by Google"
161,Technologies,Autodesk AutoCAD,,"AutoCAD, Autodesk's AutoCAD, CAD software by Autodesk, AutoDesk's drafting tool, AutoCAD program, AutoCAD software, Autodesk's design and documentation tool, Computer-aided design software by Autodesk, 2D and 3D drafting tool by Autodesk, AutoDesk's computer-aided drafting software"
162,Technologies,Microsoft Visio,,"Visio, MS Visio, Microsoft Visio, Diagramming tool by Microsoft, Microsoft's visual communication software, Visio program, Visio software, Microsoft's flowcharting and diagramming application, Visualization tool by Microsoft"
163,Technologies,Jenkins CI,,"Jenkins, CI tool by Jenkins, Jenkins continuous integration, Jenkins automation server, Jenkins build server, Jenkins pipeline tool, Continuous integration with Jenkins, CI/CD tool by Jenkins, Automation framework by Jenkins, Build and deployment tool - Jenkins"
164,Technologies,Node.js,,"Node, NodeJS, Node JavaScript, Server-side JavaScript framework, JavaScript runtime built on Chrome's V8 engine, Runtime environment for executing JavaScript code server-side, Backend JavaScript platform, Event-driven I/O server-side platform, Platform for building scalable network applications using JavaScript, Server-side runtime for executing JavaScript"
165,Technologies,Adobe Systems Adobe Photoshop,,"Adobe Photoshop, Photoshop, Adobe's image editing software, Adobe's graphic design tool, Photoshop program by Adobe Systems, Adobe's photo editing application, Image editing software by Adobe Systems, Graphic design program by Adobe Systems, Photoshop software by Adobe Systems, Adobe's digital imaging tool"
166,Technologies,Intuit QuickBooks,,"QuickBooks, Intuit's accounting software, QuickBooks by Intuit, Intuit's financial management tool, QuickBooks program, QuickBooks software, Small business accounting solution by Intuit, Intuit's bookkeeping application, Financial software by Intuit, QuickBooks online"
167,Technologies,UNIX,,"UNIX, Unix-like, Unix-based, UNIX operating system, UNIX OS, Unix environment, Unix-like system, Unix-like platform, UNIX-like architecture, UNIX-compatible"
168,Technologies,C,,"C programming language, C code, C programming, ANSI C, C programming syntax, C-based language, C compiler, Procedural programming language: C, Structured high-level language: C, Low-level system programming language: C"
169,Technologies,Zoom,,"Zoom video conferencing, Zoom meetings, Zoom call, Zoom platform, Zoom app, Video meetings with Zoom, Teleconferencing with Zoom, Virtual meetings via Zoom, Online collaboration using Zoom, Video communication on the Zoom platform"
170,Technologies,Microsoft Active Directory,,"Active Directory, AD, Microsoft AD, Windows Active Directory, Microsoft's directory service, Microsoft's identity management system, LDAP service by Microsoft, Windows domain controller, Windows directory service, Microsoft's centralized authentication and authorization framework."
171,Technologies,Microsoft Windows,,"Windows OS, Microsoft OS, Windows operating system, Microsoft operating system, Windows platform, Microsoft platform, Windows software, Microsoft software, Windows environment, Microsoft ecosystem"
172,Technologies,Apple iOS,,"iOS, Apple's mobile operating system, iPhone operating system, Apple's iOS platform, iOS software, Apple's mobile software, iPad/iPhone operating system, Apple's smartphone OS, iOS ecosystem, Mac OS for mobile devices"
173,Technologies,Microsoft SQL Server,,"SQL Server, MS SQL Server, Microsoft's database management system, Microsoft's relational database software, SQL Server by Microsoft, Database server software from Microsoft, Microsoft's data storage and retrieval system, Microsoft's DBMS solution, SQL Server program by Microsoft, Relational database management software from Microsoft"
174,Technologies,SAS,,"SAS software, Statistical Analysis System, SAS programming language, SAS Institute, Data analysis software by SAS, SAS system, SAS application, SAS platform, Analytics tool by SAS, Statistical software by SAS"
175,Technologies,Extensible markup language XML,,"XML, eXtensible markup language, Markup language XML, XML document format, Data interchange format XML, XML data representation, XML schema language, W3C's XML specification, Document structure language XML, Text-based data storage format"
176,Technologies,Microsoft Project,,"Project, MS Project, Microsoft's project management software, Microsoft's scheduling tool, Project by Microsoft, Microsoft's planning application, Project management software by Microsoft, Microsoft's task management tool, Microsoft's project planning software, Task planner by Microsoft."
177,Technologies,ServiceNow,,"ServiceNow platform, SNOW platform, ServiceNow tool, ServiceNow application, Service management software by Now Inc., IT service management system by ServiceNow, ServiceNow ticketing system, Now Platform by ServiceNow, SNOW software, Enterprise service management solution"
178,Technologies,NoSQL,,"NoSQL, non-relational database, non-SQL database, NoSQL database management system, NoSQL DBMS, unstructured data storage solution, schema-less database, distributed database system without SQL constraints, alternative to relational databases, document-oriented database"
179,Technologies,Apache Spark,,"Spark, Apache Spark, Data processing framework by Apache, Apache's big data processing tool, Spark platform, Distributed computing engine by Apache, In-memory analytics engine by Apache, Big data analytics software by Apache, Real-time data processing framework by Apache, Open-source cluster computing system"
180,Technologies,Adobe Systems Adobe Illustrator,,"Adobe Illustrator, Illustrator, Adobe's graphic design software, Adobe's vector graphics editor, Illustrator software, Adobe's illustration program, Adobe's drawing tool, Vector graphics software by Adobe Systems, Graphic design program by Adobe Systems, Drawing application by Adobe"
181,Technologies,JavaScript Object Notation JSON,,"JSON, JavaScript notation, JSON format, JavaScript object format, JSON data structure, JSON encoding, JavaScript object representation, JSON serialization, JavaScript data interchange format, JSON syntax"
182,Technologies,Microsoft Teams,,"Teams, MS Teams, Microsoft Teams, Collaboration tool by Microsoft, Communication platform by Microsoft, Microsoft's team collaboration software, Team messaging app by Microsoft, Microsoft's virtual meeting software, Group chat application by Microsoft, Unified communication platform from Microsoft"
183,Technologies,Microsoft PowerShell,,"PowerShell, Windows PowerShell, Microsoft's command-line shell, Microsoft's scripting language, PowerShell scripting, Windows command line tool by Microsoft, Microsoft automation framework, PowerShell Core, .NET-based automation and configuration framework by Microsoft"
184,Technologies,Apache Kafka,,"Kafka, Apache's messaging platform, Distributed streaming platform by Apache, Kafka messaging system, Event streaming platform by Apache, Streaming software by Apache, Kafka data pipeline tool, Apache's real-time data processing software, Messaging queue by Apache, Kafka event-driven architecture"
185,Technologies,PostgreSQL,,"Postgres, PostgresSQL, PostgreSQL DBMS, PostgreSQL database system, PGSQL, PGSQ, Postgre SQL, PostgrSQL, Postgresql "
186,Technologies,Atlassian Confluence,,"Confluence, Atlassian Confluence, Team collaboration software by Atlassian, Atlassian's wiki tool, Confluence program, Atlassian's knowledge management software, Wiki platform by Atlassian, Collaboration tool from Atlassian, Atlassian's document sharing tool, Confluence wiki"
187,Technologies,Ansible software,,"Ansible, Ansible tool, Ansible system, Automation software by Ansible, Configuration management software by Ansible, Ansible automation platform, Ansible solution, Ansible framework, Infrastructure as code tool by Ansible"
188,Technologies,IBM Terraform,,"Terraform, IBM's infrastructure as code tool, Terraforming software by IBM, Infrastructure automation tool by IBM, IBM's cloud provisioning software, IBM's deployment automation tool, Terraform program by IBM, Infrastructure management software from IBM, Provisioning tool by IBM for cloud resources, Automation software for deploying infrastructure by IBM"
189,Technologies,Adobe Systems Adobe Creative Cloud software,,"Adobe Creative Cloud, Adobe CC, Creative Cloud software, Adobe design software suite, Adobe's creative toolset, Adobe's digital creation suite, Adobe's graphic design software package, Adobe's multimedia editing software bundle, Adobe's content creation platform, Design and editing tools by Adobe"
190,Technologies,Go,,"Golang, Go programming language, Google's Go, Open source Go language, GoLang programming, Gopher language, Go code, The Go programming platform, Golang software development, Google's open-source language"
191,Technologies,Microsoft .NET Framework,,".NET Framework, .NET, Microsoft's application development framework, Microsoft's software framework, .NET platform, Microsoft's development environment, Framework by Microsoft for building applications, Software infrastructure by Microsoft for developing apps, Development toolset by Microsoft, Application framework from Microsoft"
192,Technologies,GitHub,,"GitHub, Git-Hub, GitHub platform, Source code hosting platform by GitHub, Git service by GitHub, Version control system by GitHub, Collaboration tool for developers by GitHub, Git repository hosting service by GitHub, Code sharing and collaboration platform by GitHub"
193,Technologies,Workday software,,"Workday, Workday application, Workday system, Workday platform, Workday solution, Workday software suite, HR software by Workday, Cloud-based HR software by Workday, Workforce management system by Workday, Human capital management software by Workday"
194,Technologies,Adobe Systems Adobe InDesign,,"InDesign, Adobe InDesign, Adobe's desktop publishing software, InDesign program, InDesign software, Adobe's layout design tool, Desktop publishing application by Adobe Systems, Adobe's document design software, Publishing software by Adobe Systems, Document layout program by Adobe"
195,Technologies,Spring Framework,,"Spring, Spring Framework, Spring platform, Java Spring Framework, Spring application framework, Spring for Java, Spring development framework, Spring software development kit (SDK), Java-based enterprise application framework - Spring"
196,Technologies,Apache Hadoop,,"Hadoop, Apache's Hadoop, Hadoop framework, Apache's big data platform, Distributed computing system by Apache, Big data processing technology by Apache, Hadoop ecosystem, Apache's data storage and processing tool, MapReduce framework by Apache, Open-source distributed file system"
197,Technologies,TypeScript,,"TS, Microsoft TypeScript, Typed JavaScript, Strongly Typed JavaScript, JS with types, TS language, TypeScript programming language, Microsoft's typed superset of JavaScript, Typed JS, Type-safe JavaScript"
198,Technologies,Microsoft Windows Server,,"Windows Server, Microsoft Windows Server, Windows server operating system, Microsoft's server platform, Windows Server OS, Microsoft's server software, Microsoft's enterprise operating system, Windows Server edition, MS Windows Server, Microsoft's network operating system"
199,Technologies,Bash,,"Shell, Bash shell, Bash scripting, Unix shell, GNU Bash, Command-line interpreter, Shell scripting language, Bourne-Again SHell, Shell programming language"
200,Technologies,Ruby,,"Ruby language, Ruby programming, Ruby on Rails, RoR, Ruby code, Ruby scripting, Ruby software development, Ruby framework, Dynamic scripting language by Yukihiro Matsumoto (Matz), Open-source object-oriented programming language"
201,Technologies,MongoDB,,"Mongo, Mongo database, MongoDB software, NoSQL database by MongoDB, Document-oriented database by MongoDB, MongoDB system, Database management system by MongoDB, MongoDB platform, Distributed database by MongoDB"
202,Technologies,Perl,,"Perl, Perl programming language, Perl script, The Perl language, Perl scripting, Perl software, Scripting language by Larry Wall, Larry Wall's programming language, Practical Extraction and Reporting Language"
203,Technologies,eClinicalWorks EHR software,,"eCW software, eClinicalWorks EHR system, eClinicalWorks electronic health record software, eClinicalWorks EMR solution, eCW EHR platform, Electronic health records software by eClinicalWorks, eClinicalWorks healthcare technology, eCW electronic medical record system, eClinicalWorks EHR application, Electronic records management software by eCW"
204,Technologies,Splunk Enterprise,,"Splunk, Splunk software, Splunk platform, Splunk Enterprise software, Splunk's data analytics tool, Enterprise monitoring and analysis tool by Splunk, Splunk's log management solution, Real-time data processing platform by Splunk, Log analysis software by Splunk"
205,Technologies,jQuery,,"jQuery, jQuery library, JavaScript framework jQuery, jQuery framework, JS framework by jQuery Foundation, jQuery script library, JavaScript library by John Resig, Popular JavaScript library for DOM manipulation, Lightweight JavaScript library for HTML document traversal and manipulation"
206,Technologies,Spring Boot,,"SpringBoot, Spring framework Boot, Spring's Boot, Java framework by Spring, Spring-based application development tool, Spring's microservices framework, Java-based web application framework by Pivotal Software, Spring's lightweight web development framework, Bootstrapping with Spring, Simplified application development using Spring"
207,Technologies,PHP,,"PHP Hypertext Preprocessor, PHP scripting language, Server-side scripting language by PHP, PHP programming language, PHP code, Hypertext Preprocessor by PHP, Scripting language for web development by PHP, Server-side language by PHP, Open-source server-side language - PHP,
PHP framework"
208,Technologies,The MathWorks MATLAB,,"MATLAB, MathWorks MATLAB, MATLAB software, MATLAB programming language, MathWorks' numerical computing environment, The MathWorks' software for scientific computing, MATLAB program, MathWorks' computational tool, MATLAB scripting language, Numerical analysis software by The MathWorks"
209,Technologies,Autodesk Revit,,"Revit, Autodesk Revit, Building Information Modeling (BIM) software by Autodesk, Revit Architecture, Revit MEP, Revit Structure, BIM design tool by Autodesk, Autodesk's construction modeling software, 3D modeling software for architects and engineers by Autodesk"
210,Technologies,Yardi software,,"Yardi, Yardi program, Yardi application, Yardi platform, Yardi software solution, Property management software by Yardi, Real estate management tool by Yardi, Yardi's software suite, Software developed by Yardi Systems, Yardi's industry-leading software"
211,Technologies,Amazon Simple Storage Service S3,,"S3, Amazon S3, Simple Storage Service, AWS S3, Amazon's storage service, Amazon's cloud storage solution, S3 storage, Amazon's object storage service, Amazon's file hosting service"
212,Technologies,Oracle Java 2 Platform Enterprise Edition J2EE,,"JavaEE, J2EE, Oracle Java Enterprise Edition, Java 2 Platform EE, Oracle's enterprise Java platform, JEE framework, Java EE application development, Oracle's J2EE platform, Java enterprise development kit (JDK), Oracle's server-side Java technology"
213,Technologies,Scala,,"Scala language, Scala programming, Scala programming language, Functional programming in Scala, Object-oriented programming in Scala, JVM-based language - Scala, Scalable Language, Reactive programming with Scala, Concurrent programming with Scala, Type-safe language - Scala"
214,Technologies,WordPress,,"WP, WP CMS, WordPress platform, WordPress.org, Content management system by WordPress, WP website builder, WordPress software, WP blogging platform, WordPress framework, Website development tool by Automattic"
215,Technologies,Slack,,"Slack messaging platform, Slack app, Slack chat tool, Team collaboration software by Slack, Slack communication tool, Slack workspace, Instant messaging software by Slack, Communication platform by Slack, Chat and collaboration tool by Slack, Business messaging app"
216,Technologies,Apache Maven,,"Maven, Apache's build tool, Maven build tool, Apache's project management and comprehension tool, Dependency management tool by Apache, Build automation framework by Apache, Maven software, Apache's software for project building and management, Maven project management tool, Apache's build configuration tool"
217,Technologies,Dassault Systemes SolidWorks,,"SolidWorks, Dassault SolidWorks, DS SolidWorks, SolidWorks CAD software, 3D modeling software by Dassault Systemes, Dassault's SolidWorks program, Solid modeling tool by Dassault Systemes, Dassault's mechanical design software, SolidWorks engineering software, 3D design software from Dassault"
218,Technologies,Selenium,,"Selenium WebDriver, Selenium testing tool, Selenium automation framework, Selenium IDE, Selenium grid, Selenium RC (Remote Control), Web application testing with Selenium, Automated browser testing using Selenium, Cross-browser testing with Selenium, UI automation with Selenium"
219,Technologies,Microsoft ASP.NET,,"ASP.NET, ASPNET, .NET Framework for web development, Microsoft's web application framework, Web development using Microsoft technologies, ASP.NET Core, Microsoft's server-side framework for building dynamic websites, .NET-based web development platform by Microsoft, Web application development using Microsoft tools and libraries, Microsoft's web programming technology"
220,Technologies,Chef,,"Configuration management tool by Chef, Chef automation tool, Chef software, Infrastructure as code by Chef, Chef configuration management system, DevOps tool by Chef, IT automation platform by Chef, Configuration management framework from Chef, Automation and infrastructure orchestration tool by Chef"
221,Technologies,Google Cloud software,,"Google Cloud, GCP, Google's cloud computing platform, Google's cloud software suite, Cloud services by Google, Google's cloud infrastructure, Google Cloud Platform, Software from Google for cloud computing, Google's cloud technology solution, Cloud software developed by Google"
222,Technologies,Microsoft SQL Server Integration Services SSIS,,"SSIS, SQL Server Integration Services, Microsoft's ETL tool, Data integration software by Microsoft, Microsoft's data flow tool, SQL Server SSIS, Integration Services by Microsoft, SSIS package development tool, SSIS platform by Microsoft"
223,Technologies,Shell script,,"Shell scripting, Unix shell script, Bash script, Shell programming, Command-line scripting, Shell automation, Shell command language, Shell scripting language, Scripting in the shell, Shell program"
224,Technologies,Oracle PL/SQL,,"PL/SQL, Oracle programming language, Oracle's procedural language extension for SQL, Oracle's database programming language, PL-SQL, Oracle PL SQL code, PLSQL development tool by Oracle, Programming language used in Oracle databases, Procedural SQL for Oracle database management system, Oracle's query language"
225,Technologies,Swift,,"Swift programming language, Apple's Swift, iOS development language by Apple, Swift iOS framework, Apple's modern programming language, Swift code syntax, Swift object-oriented language, Programming in Swift, Develop apps using Swift, iOS app development in Swift"
226,Technologies,Microsoft Visual Studio,,"Visual Studio, VS, Microsoft's IDE, Microsoft Visual Studio IDE, Development software by Microsoft, Integrated development environment from Microsoft, Visual Studio Code editor, Visual Studio programming tool, Microsoft's software development platform, MS Visual Studio"
227,Technologies,Vue.js,,"Vue, Vuejs, Vue.js framework, JavaScript framework by Evan You, Front-end framework by Vue.js, MVVM framework by Vue.js, Reactive JavaScript framework, Vue library, Vue web development tool"
228,Technologies,Amazon Elastic Compute Cloud EC2,,"EC2, Amazon EC2, Elastic Compute Cloud, AWS EC2, Amazon's virtual server service, Cloud compute instances by Amazon, Amazon's elastic computing platform, EC2 instances, Amazon's cloud hosting service"
229,Technologies,Microsoft SQL Server Reporting Services SSRS,,"SSRS, SQL Server Reporting Services, Microsoft SSRS, Reporting Services by Microsoft, SQL Server RS, SSRS tool, Microsoft's reporting tool, SQL Server report generator, Microsoft's data visualization solution, SSRS software"
230,Technologies,Puppet,,"Puppet automation, Puppet configuration management, Puppet tool, Puppet software, Puppet framework, Puppet orchestration, Infrastructure as Code with Puppet, Puppet agent-based automation, Puppet master-client architecture, Puppet DevOps tool"
231,Technologies,Apple macOS,,"macOS, Apple OS X, Apple operating system, Mac operating system, macOS software, Apple's desktop platform, Macintosh operating system, macOS software suite, Apple's computer software, macOS operating environment"
232,Technologies,Atlassian Bitbucket,,"Bitbucket, Atlassian's version control system, Git repository management tool by Atlassian, Bitbucket software, Atlassian's code hosting platform, Source code management tool by Atlassian, Bitbucket application, Bitbucket server, Version control solution by Atlassian"
233,Technologies,GitLab,,"GitLab, Git Lab, Git repository manager, Version control system by GitLab, Git-based collaboration platform, Code collaboration tool by GitLab, Git hosting service, GitHub alternative by GitLab, DevOps platform by GitLab, Code management software"
234,Technologies,Ruby on Rails,,"Rails, Ruby framework, RoR, Ruby web development framework, Ruby's MVC framework, Ruby on Rails web application framework, Rails programming language, Ruby's web development toolset, Ruby's full-stack framework, Rails web development platform."
235,Technologies,Apache Hive,,"Hive, Apache Hive, HiveQL, Hive query language, Hadoop Hive, Distributed data warehousing framework by Apache, SQL-like interface for Hadoop, Data querying and analysis tool by Apache, Big data processing tool by Apache, Data warehouse infrastructure on Hadoop"
236,Technologies,Kronos Workforce Timekeeper,,"Kronos, Workforce Timekeeper, Kronos Timekeeper, Kronos Workforce, Timekeeping software by Kronos, Workforce management tool by Kronos, Kronos scheduling and attendance software, Employee time tracking system by Kronos, Kronos workforce management solution, Attendance management software by Kronos"
237,Technologies,Amazon Web Services AWS CloudFormation,,"AWS CloudFormation, Amazon CloudFormation, AWS CF, Amazon CF, CloudFormation service by AWS, AWS infrastructure deployment tool, AWS resource management tool, Amazon's infrastructure as code service, CloudFormation by Amazon Web Services, AWS stack deployment service"
238,Technologies,Bootstrap,,"Bootstrap, Twitter Bootstrap, Bootstrap framework, CSS framework by Twitter, Front-end framework by Twitter, Responsive web design framework by Twitter, Twitter's web development framework, HTML/CSS/JS library developed by Twitter, UI development toolkit by Twitter"
239,Technologies,Amazon Redshift,,"Redshift, AWS Redshift, Amazon's data warehousing solution, Redshift database, Amazon's cloud-based data warehouse, Data warehouse service by Amazon, Amazon Red Shift, Redshift analytics platform, AWS Red Shift, Cloud-based data warehousing by Amazon."
240,Technologies,Informatica software,,"Informatica, Informatica PowerCenter, Informatica ETL tool, Informatica data integration software, Informatica platform, Informatica Data Quality, Informatica Cloud, Informatica Intelligent Data Integration, Informatica Master Data Management (MDM), Informatica Big Data Integration"
241,Technologies,Transact-SQL,,"T-SQL, SQL Server, Microsoft's query language, SQL programming, Transact Structured Query Language, Database querying with T-SQL, Microsoft's data manipulation language, Microsoft's database programming language, SQL scripting in Transact-SQL, T-SQL commands"
242,Technologies,Microsoft Visual Basic,,"Visual Basic, VB, Microsoft VB, VB.NET, Visual Basic programming language, Microsoft's Visual Basic development tool, MS Visual Basic, VBScript (a variant of Visual Basic), VBA (Visual Basic for Applications), Microsoft's object-oriented programming language."
243,Technologies,Apache Cassandra,,"Cassandra, Apache's distributed database, Cassandra database system, NoSQL database by Apache, Distributed storage and management system by Apache, Apache's scalable NoSQL solution, Apache's highly available database system, Open-source distributed data store by Apache, Cassandra DBMS, Scalable and fault-tolerant database by Apache"
244,Technologies,ESRI ArcGIS software,,"ArcGIS, ESRI software, ArcGIS software, Geographic Information System by ESRI, ESRI mapping tool, ArcGIS mapping software, ESRI's GIS application, Geographic analysis software by ESRI, Mapping program by ESRI"
245,Technologies,Microsoft Visual Basic for Applications VBA,,"VBA, Visual Basic for Applications, Microsoft VBA, Microsoft Visual Basic, VBA programming language, VBA scripting language, Microsoft's macro development tool, Visual Basic for Applications by Microsoft, VBA coding language, Microsoft's automation and customization technology"
246,Technologies,Google Sheets,,"Google Sheets, Sheets, Google's spreadsheet tool, Spreadsheet software by Google, Google's online spreadsheet application, Google's workbook program, Sheets program by Google, Online spreadsheet tool from Google, Google's data analysis tool"
247,Technologies,Figma,,"Figma, Figma design tool, Figma software, Figma app, Figma prototyping tool, Figma UI/UX tool, Figma graphic design software, Figma collaboration tool, Figma interface design platform"
248,Technologies,Microsoft Team Foundation Server,,"TFS, Team Foundation Server, Microsoft TFS, Microsoft's application lifecycle management tool, ALM tool by Microsoft, Microsoft's source control and project management software, TFS by Microsoft, Team Foundation Services, Microsoft's collaboration platform for software development, Application lifecycle management solution by Microsoft"
249,Technologies,JUnit,,"JUnit, Java unit testing framework, JUnit framework, Testing tool for Java,
Java testing library, Unit testing framework for Java,
Java test runner, Test automation tool for Java,
Java testing framework, Testing utility for Java"
250,Technologies,Elasticsearch,,"ES, Elastic, Elastic Search, ES search engine, Elasticsearch software, Distributed search and analytics engine, Full-text search and analytics engine by Elastic NV, Real-time distributed search and analytics engine, Elasticsearch database system, Open-source distributed full-text search and analytics engine"
251,Technologies,IBM DB2,,"DB2, IBM's DB2, IBM Database 2, DB2 by IBM, IBM's relational database management system, DBMS by IBM, IBM's data server software, DB2 Database Management System, IBM's database solution, RDBMS from IBM"
252,Technologies,HubSpot software,,"HubSpot, HubSpot CRM, HubSpot platform, HubSpot marketing software, HubSpot sales software, HubSpot automation tool, HubSpot customer relationship management tool, HubSpot inbound marketing software, HubSpot lead generation software, HubSpot analytics tool"
253,Technologies,Amazon DynamoDB,,"DynamoDB, Amazon's NoSQL database service, AWS DynamoDB, Amazon's managed database service, Scalable database by Amazon, Amazon's cloud-based database solution, High-performance distributed database by Amazon, NoSQL data store by AWS, Fully managed database by Amazon Web Services (AWS), Serverless database offering by Amazon"
254,Technologies,Apache Subversion SVN,,"Subversion, SVN, Apache SVN, Version control system by Apache, Apache's version control software, Subversion repository manager, SVN software, Apache's code management tool, Subversion source control system, SVN versioning system"
255,Technologies,Cisco Webex,,"Webex, Cisco Webex Meetings, Cisco's collaboration tool, Webex conferencing solution, Video conferencing by Cisco, Cisco's online meeting platform, Webex communication software, Cisco's web collaboration tool, Virtual meetings with Cisco Webex, Online collaboration using Webex"
256,Technologies,Redis,,"In-memory data store, Redis cache, Redis server, Key-value store by Redis, Redis database, Distributed caching system by Redis Labs, NoSQL database by Redis, Data structure server by Redis Labs, High-performance database by Redis Labs, Open-source in-memory data structure store"
257,Technologies,Alteryx software,,"Alteryx, Alteryx program, Alteryx platform, Alteryx tool, Alteryx software solution, Data analytic software by Alteryx, Alteryx data processing software, Alteryx workflow application, Advanced analytics software by Alteryx, Self-service data preparation software"
258,Technologies,AJAX,,"Asynchronous JavaScript and XML, Ajax technology, AJAX framework, Dynamic HTML and JavaScript, Web 2.0 technology, XMLHttpRequest method, Client-side scripting technique, Ajax toolkit/library, Server communication in web development, Interactive web application enhancement"
259,Technologies,Oracle Database,,"Oracle DB, Oracle RDBMS, Oracle Database Management System, Oracle relational database, Oracle DBMS, Oracle data storage system, Database by Oracle Corporation, Oracle database software, Oracle SQL database, Oracle's data management solution"
260,Technologies,Eclipse IDE,,"Eclipse, Eclipse Integrated Development Environment, IDE by Eclipse Foundation, Eclipse software, Eclipse development tool, Eclipse platform, Eclipse programming environment, Eclipse coding editor, Java IDE by Eclipse, Java development tool by Eclipse"
261,Technologies,GraphQL,,"Graph Query Language, Graph QL, GraphQL API, GraphQL Protocol, Query Language for APIs, GraphQL endpoint, GraphQL server, API query language, Graph-based query language, Data retrieval language"
262,Technologies,Hibernate ORM,,"Hibernate, ORM framework by Hibernate, Object-Relational Mapping tool by Hibernate, Hibernate's object-persistence framework, Hibernate ORM library, Hibernate's data access technology, Persistence framework by Hibernate, Hibernate's database mapping tool, ORM solution provided by Hibernate, Entity mapping framework - Hibernate"
263,Technologies,Oracle SQL Developer,,"SQL Developer, Oracle Developer, SQL Dev, Oracle Dev, Oracle SQL Tool, Oracle Database Developer, Oracle SQL IDE, Oracle SQL Workbench, Oracle Query Tool, Database Development Tool by Oracle"
264,Technologies,Microsoft Active Server Pages ASP,,"ASP, Active Server Pages, Microsoft ASP, ASP technology, Microsoft's server-side scripting language, ASP web development framework, Microsoft's dynamic web page technology, Server-side scripting using ASP, Microsoft's web application framework, ASP.NET"
265,Technologies,Bentley MicroStation,,"MicroStation, Bentley software, MicroStation by Bentley, Bentley CAD software, MicroStation program, Bentley's design software, MicroStation application, Bentley's 3D modeling tool, CAD program by Bentley Systems, MicroStation design tool"
266,Technologies,Apache Tomcat,,"Tomcat, Apache Tomcat server, Tomcat web server, Apache's Tomcat, Tomcat application server, Apache's application container, Java servlet container by Apache, Apache's web hosting software, Tomcat HTTP server, Apache's Java-based web application deployment tool"
267,Technologies,Adobe Systems Adobe Acrobat,,"Acrobat, Adobe Acrobat Pro, PDF software by Adobe, Adobe's document management tool, Acrobat Reader, Adobe PDF application, Adobe's PDF editor, Acrobat software by Adobe Systems, Adobe's document viewer, PDF program by Adobe"
268,Technologies,Teradata Database,,"Teradata, Teradata DB, TDB, Teradata RDBMS, Teradata Database Management System, Teradata data warehouse solution, Teradata database software, TD database, Teradata Analytics Platform, Teradata Vantage."
269,Technologies,Facebook,,"Facebook, FB, Mark Zuckerberg's social media platform, Social networking site by Zuckerberg, Zuckerberg's online community, The Facebook platform, FB app, Facebook website, Online social networking service by Zuckerberg, Zuckerberg's digital network"
270,Technologies,Autodesk AutoCAD Civil 3D,,"AutoCAD Civil 3D, Civil 3D, AutoCAD Civil, Autodesk's Civil Design software, AutoCAD's civil engineering tool, Autodesk's 3D modeling software for civil engineering, Autodesk's CAD solution for civil design, Civil design software by Autodesk, AutoCAD's civil modeling application, Autodesk's 3D mapping and infrastructure design tool"
271,Technologies,IBM SPSS Statistics,,"SPSS, SPSS Statistics, IBM SPSS, Statistical Package for the Social Sciences, IBM's statistical software, SPSS analysis tool, IBM's data analysis program, SPSS software suite, IBM's statistical data tool, SPSS analytics platform"
272,Technologies,Adobe Systems Adobe After Effects,,"After Effects, Adobe After Effects, AE, After Effects software, Adobe's motion graphics and visual effects software, Video editing tool by Adobe Systems, Post-production software by Adobe Systems, Animation and compositing software by Adobe Systems, Adobe's video effects program"
273,Technologies,UNIX Shell,,"Shell scripting, Shell commands, Unix shell programming, Command line interface in Unix, Bash scripting, Shell scripting language, Unix command interpreter, Linux shell scripting, Shell scripting in operating systems, Terminal commands"
274,Technologies,Red Hat OpenShift,,"OpenShift, Red Hat's OpenShift, OpenShift platform, Red Hat's container platform, RH OpenShift, Containerization platform by Red Hat, Red Hat's cloud-native application platform, OpenShift by Red Hat, Red Hat's Kubernetes distribution, RHOS (Red Hat OpenShift)"
275,Technologies,LinkedIn,,"LinkedIn, LinkedIn platform, LinkedIn network, LinkedIn website, Professional networking site by LinkedIn, LinkedIn social media, Business-oriented platform by LinkedIn, Career networking site by LinkedIn, Professional connections site by LinkedIn"
276,Technologies,Objective C,,"Objective-C, Objective C, ObjC, Apple's programming language, iOS development language, Mac development language, Apple's object-oriented language, Object-oriented programming for iOS and Mac OS X, Programming in Objective C, Development with Objective-C"
277,Technologies,Trimble SketchUp Pro,,"SketchUp Pro, Trimble SketchUp, SketchUp software, 3D modeling software by Trimble, Trimble's architectural design tool, SketchUp program, Trimble's drafting software, 3D modeling program by Trimble, SketchUp Pro version by Trimble, Trimble's professional design tool"
278,Technologies,Oracle Primavera Enterprise Project Portfolio Management,,"Primavera P6, Oracle Primavera, Primavera Enterprise Project Portfolio Management, Oracle PPM, Primavera EPPM, Oracle project management software, Primavera project portfolio management solution, Oracle's project planning and scheduling tool, Oracle's enterprise project management software, Primavera PPM"
279,Technologies,Django,,"Django web framework, Python web framework, Django software, Django toolkit, Django application development framework, Django programming library, Python's MVC framework, Web development with Django, Django backend framework, Python's web application framework"
280,Technologies,Drupal,,"Drupal CMS, Drupal content management system, Drupal platform, Drupal website builder, Open-source CMS by Drupal, Drupal framework, Drupal site development tool, PHP-based CMS by Drupal, Content management system by Drupal, Website development tool by Drupal"
281,Technologies,Marketo Marketing Automation,,"Marketo, Marketing Automation tool by Marketo, Marketo's marketing automation platform, Marketo software, Automation software for marketing by Marketo, Marketo's automated marketing solution, Marketing automation system by Marketo, Marketo's CRM automation tool, Marketo's digital marketing automation software, Marketing campaign automation tool by Marketo"
282,Technologies,Microsoft Dynamics,,"Dynamics 365, Dynamics CRM, Microsoft CRM, Microsoft Business Solutions, Dynamics software, Dynamics platform, Microsoft's customer relationship management software, CRM system by Microsoft, Enterprise resource planning (ERP) software by Microsoft"
283,Technologies,Epic Systems,,"Epic, Epic EHR, Epic software, Epic electronic health record system, Epic healthcare system, Epic EMR, Electronic medical record system by Epic Systems, Epic's integrated health record software, EHR platform by Epic Systems, Electronic health record solution from Epic"
284,Technologies,Google Docs,,"Google Drive, Google Sheets, GDocs, Docs by Google, Google's document editor, Online document tool by Google, Google's collaborative writing tool, Web-based document software from Google, Google's word processing program, Document collaboration platform by Google"
285,Technologies,Atlassian Bamboo,,"Bamboo, Atlassian's CI/CD tool, Build automation software by Atlassian, Bamboo build server, Continuous integration tool by Atlassian, Atlassian's deployment tool, CI/CD platform from Atlassian, Bamboo software, Automated build and release management system from Atlassian, Atlassian's continuous delivery solution"
286,Technologies,Oracle JavaServer Pages JSP,,"JavaServer Pages, JSP, Oracle JSP, Oracle's JSP technology, Java web development with JSP, JSP framework by Oracle, Oracle's server-side programming language for web applications, JavaServer Pages technology by Oracle, Oracle's dynamic scripting language for web pages"
287,Technologies,IBM WebSphere,,"WebSphere, IBM's WebSphere, IBM's application server, WebSphere software, IBM application deployment platform, WebSphere Application Server, IBM's middleware technology, IBM's enterprise solution framework, WebSphere platform by IBM, IBM's integration software"
288,Technologies,MicroStrategy,,"MicroStrategy BI, MicroStrategy Analytics, MicroStrategy platform, MicroStrategy software, MicroStrategy data analytics, MicroStrategy business intelligence tool, MicroStrategy reporting tool, MSTR software (abbreviation for MicroStrategy), MicroStrategy data visualization solution, MSTR BI"
289,Technologies,Qlik Tech QlikView,,"QlikView, QlikTech, Qlik software, Qlik data analysis tool, Qlik's visualization tool, QV by QlikTech, QlikView program, Qlik's business intelligence platform, Data analytics software by QlikTech, Visualization software by Qlik"
